,X,match_id,match_clock,quarter,quarter_clock,shot_clock,shooter_id,shooter_lastname,shooter_firstname,shooter_team_id,event_id,shot_outcome,shooter_X,shooter_Y,defender_id,defender_lastname,defender_firstname,defender_team_id,defender_X,defender_Y,distance,shooter_height,defender_height,height_difference,shot_dist,def_angle,LeftOrRight
2,2,21500003,2791.81,1,631.81,18.38,201939,Curry,Stephen,1610612744,9,0,29.25529,38.54671,203076,Davis,Anthony,1610612740,23.46322,35.95925,6.343738971,190,208,NA,27.56387672,5.365498119,Left
8,8,21500003,2492.61,1,332.61,7.09,201967,Cunningham,Dante,1610612740,48,1,85.03566,1.15085,203084,Barnes,Harrison,1610612744,84.02075,16.04999,14.93366717,203,203,NA,24.13665837,12.74919847,Left
10,10,21500003,2399.56,1,239.56,16.13,201939,Curry,Stephen,1610612744,69,1,23.78807,8.85783,203076,Davis,Anthony,1610612740,19.49169,14.61139,7.180691734,190,208,NA,24.58108402,12.20207025,Right
11,11,21500003,2371.74,1,211.74,12.26,203084,Barnes,Harrison,1610612744,75,0,6.77627,2.25312,201967,Cunningham,Dante,1610612740,5.89915,13.9455,11.72523303,203,203,NA,22.79802732,0.4514085107,Right
13,13,21500003,2342.26,1,182.26,21.68,203084,Barnes,Harrison,1610612744,84,0,7.59145,2.66871,202397,Smith,Ish,1610612740,8.77535,20.07857,17.45006718,203,183,NA,22.45370573,9.875849424,Right
14,14,21500003,2267.55,1,107.55,20.1,201569,Gordon,Eric,1610612740,104,0,71.05801,6.45491,203084,Barnes,Harrison,1610612744,77.16071,13.19069,9.089206758,193,203,NA,25.63058472,1.474414495,Left
15,15,21500003,2219.96,1,59.96,16.95,202397,Smith,Ish,1610612740,112,1,67.82986,37.92453,203084,Barnes,Harrison,1610612744,68.60043,31.05429,6.913318724,183,203,NA,24.59056188,51.89251299,Right
19,19,21500003,1777.28,2,337.28,7.88,203110,Green,Draymond,1610612744,215,1,27.94179,15.29608,203076,Davis,Anthony,1610612740,22.57094,18.74973,6.385430921,201,208,NA,24.679615,9.58898185,Right
24,24,21500003,1593.31,2,153.31,13.05,201967,Cunningham,Dante,1610612740,252,1,81.46392,47.35883,203084,Barnes,Harrison,1610612744,82.79925,39.67173,7.802218442,203,203,NA,23.5160422,8.194711486,Right
28,28,21500003,1345.39,3,625.39,18.5,203110,Green,Draymond,1610612744,300,0,72.65427,45.8064,203076,Davis,Anthony,1610612740,75.34453,35.4908,10.66063329,201,208,NA,26.30549002,23.10847206,Right
32,32,21500003,962.96,3,242.96,16.95,203076,Davis,Anthony,1610612740,385,0,29.5428,30.21592,203105,Ezeli,Festus,1610612744,18.81559,27.47295,11.07234929,208,211,NA,24.8464475,2.22528947,Left
34,34,21500003,841.49,3,121.49,22.09,203084,Barnes,Harrison,1610612744,417,1,68.86411,40.44525,202087,Gee,Alonzo,1610612740,75.37938,28.07719,13.97918636,203,198,NA,25.17944337,24.38428067,Right
38,38,21500003,345.04,4,345.04,7.23,2733,Livingston,Shaun,1610612744,522,0,64.59165,22.85985,203076,Davis,Anthony,1610612740,75.39864,19.76982,11.24007643,201,208,NA,24.25296099,21.01928661,Right
40,40,21500003,236.95,4,236.95,6.13,203084,Barnes,Harrison,1610612744,542,0,86.90348,1.64086,202397,Smith,Ish,1610612740,87.61968,8.71531,7.11061075,203,183,NA,23.43200925,1.261005415,Left
41,41,21500003,66.88,4,66.88,10,201583,Anderson,Ryan,1610612740,571,0,32.44545,31.84696,203949,McAdoo,James Michael,1610612744,25.02656,26.67371,9.044470377,208,206,,28.0441324,20.75678978,Left
46,3,21500035,2684.01,1,524.01,11.32,203110,Green,Draymond,1610612744,33,1,62.41766,29.56177,203076,Davis,Anthony,1610612740,70.03495,29.22713,7.624637098,201,208,NA,26.72455566,7.312798286,Right
47,4,21500035,2659.42,1,499.42,7.75,203076,Davis,Anthony,1610612740,34,0,4.24897,1.44802,203110,Green,Draymond,1610612744,4.95771,6.44468,5.046674503,208,201,NA,23.57324379,5.639358166,Right
48,5,21500035,2625.41,1,465.41,16.07,201939,Curry,Stephen,1610612744,43,1,65.15467,45.19771,203076,Davis,Anthony,1610612740,69.97414,39.85768,7.193275435,190,208,NA,31.05941221,7.369522321,Right
57,14,21500035,1883.76,2,443.76,12.72,203084,Barnes,Harrison,1610612744,201,0,64.55667,32.4725,201569,Gordon,Eric,1610612740,73.61358,36.3698,9.859846147,203,193,NA,25.32104802,40.4469522,Left
71,28,21500035,1307.11,3,587.11,17.67,203076,Davis,Anthony,1610612740,345,1,64.27283,21.48218,203110,Green,Draymond,1610612744,73.35,20.90945,9.095220441,208,201,NA,24.72866573,11.78878557,Right
72,29,21500035,1274.92,3,554.92,3.79,201939,Curry,Stephen,1610612744,351,1,29.12455,38.70614,203076,Davis,Anthony,1610612740,24.0351,35.7321,5.894693819,190,208,NA,27.52911934,0.4403448127,Left
74,31,21500035,1183.21,3,463.21,18.16,201939,Curry,Stephen,1610612744,363,1,28.37269,38.08932,203076,Davis,Anthony,1610612740,22.26182,33.39112,7.708165501,190,208,NA,26.57045523,8.040659762,Left
85,42,21500035,338.81,4,338.81,19.88,203084,Barnes,Harrison,1610612744,498,0,5.74487,4.3747,201950,Holiday,Jrue,1610612740,7.56443,13.21774,9.02829746,203,193,NA,20.63123594,13.00146248,Right
86,43,21500035,317.69,4,317.69,14.68,203110,Green,Draymond,1610612744,502,1,29.14617,31.09932,203076,Davis,Anthony,1610612740,16.44678,30.26323,12.72688308,201,208,NA,24.66229197,10.55185377,Left
87,44,21500035,236.4,4,236.4,8.64,202691,Thompson,Klay,1610612744,532,0,17.08003,4.81635,203076,Davis,Anthony,1610612740,16.34715,8.5037,3.759476442,201,208,NA,23.39507079,19.13405965,Right
92,49,21500035,55.38,4,55.38,18.48,201583,Anderson,Ryan,1610612740,568,1,88.20069,2.17648,203084,Barnes,Harrison,1610612744,81.37996,14.34792,13.95228689,208,203,NA,22.83012936,30.64446334,Left
94,1,21500051,2805.68,1,645.68,7.19,2754,Allen,Tony,1610612763,10,0,81.55882,47.48586,203084,Barnes,Harrison,1610612744,81.62781,37.41109,10.07500621,193,203,NA,23.6077735,17.34239933,Right
101,8,21500051,2340.54,1,180.54,24,2738,Iguodala,Andre,1610612744,89,0,23.39426,40.72593,2440,Barnes,Matt,1610612763,17.22738,37.53687,6.942658901,198,201,NA,24.01081101,13.57131038,Left
102,9,21500051,2258.6,1,98.6,18.97,2440,Barnes,Matt,1610612763,103,1,87.99755,1.61877,2733,Livingston,Shaun,1610612744,85.67345,8.25467,7.031117238,201,201,NA,23.39333446,21.14509751,Left
103,10,21500051,2232.61,1,72.61,5.43,201145,Green,Jeff,1610612763,109,0,87.79832,48.08756,2738,Iguodala,Andre,1610612744,83.62596,40.98015,8.241593588,206,198,NA,23.10716602,32.77521709,Right
105,12,21500051,2201.33,1,41.33,17.43,203084,Barnes,Harrison,1610612744,121,0,24.02245,41.25931,2757,Udrih,Beno,1610612763,25.25976,29.27378,12.04922676,203,190,NA,24.83485536,54.99728062,Left
115,22,21500051,1342.07,3,622.07,12.34,201584,Lee,Courtney,1610612763,288,0,5.00331,47.04179,203084,Barnes,Harrison,1610612744,9.95992,31.81842,16.00996492,196,203,NA,22.04317042,17.39362035,Left
117,24,21500051,1245.12,3,525.12,5.77,2440,Barnes,Matt,1610612763,298,0,28.90046,30.67801,201939,Curry,Stephen,1610612744,15.754,26.40777,13.82260323,201,190,NA,24.32250102,4.494775646,Left
120,27,21500051,1053.47,3,333.47,17.89,201939,Curry,Stephen,1610612744,341,1,79.87142,47.39061,2440,Barnes,Matt,1610612763,88.96789,45.73868,9.245249547,190,201,NA,24.08668925,58.07730677,Right
124,31,21500051,850.14,3,130.14,4.78,2440,Barnes,Matt,1610612763,383,0,28.15293,15.19716,2738,Iguodala,Andre,1610612744,23.39003,16.80013,5.025408365,201,198,NA,24.91264487,4.570908139,Right
125,32,21500051,747.42,3,27.42,13.02,2571,Barbosa,Leandro,1610612744,409,1,69.59777,40.42951,201145,Green,Jeff,1610612763,75.20136,34.60351,8.083470597,190,206,NA,24.59426138,7.259008269,Right
128,35,21500051,332.78,4,332.78,8.51,2440,Barnes,Matt,1610612763,488,0,8.59094,2.38983,201578,Speights,Marreese,1610612744,8.71956,11.58676,9.197829338,201,208,NA,22.85567036,9.206593202,Right
130,37,21500051,276.43,4,276.43,6.52,203893,Smith,Russ,1610612763,493,1,8.31197,2.27226,201574,Thompson,Jason,1610612744,6.77357,10.35252,8.22540432,183,211,NA,22.93307275,3.106615987,Right
132,39,21500051,202.91,4,202.91,24,1713,Carter,Vince,1610612763,513,1,29.7723,20.26722,203949,McAdoo,James Michael,1610612744,25.88532,22.52979,4.497536718,198,206,NA,24.97483541,19.27951285,Right
134,41,21500051,120.22,4,120.22,12.72,2440,Barnes,Matt,1610612763,535,0,6.39613,2.21688,203949,McAdoo,James Michael,1610612744,7.35317,9.13886,6.987827465,201,206,NA,22.81193045,10.75176582,Right
136,43,21500051,69.91,4,69.91,7.22,2440,Barnes,Matt,1610612763,541,0,27.53114,15.53628,203546,Clark,Ian,1610612744,20.38692,17.55044,7.422716478,201,190,NA,24.20766812,7.268272614,Right
137,44,21500051,64.64,4,64.64,21.45,2440,Barnes,Matt,1610612763,540,0,43.14374,18.14256,203546,Clark,Ian,1610612744,24.52975,22.36553,19.08701389,201,190,NA,46.11892707,158.666597,Left
142,4,21500069,2601.16,1,441.16,16.48,203084,Barnes,Harrison,1610612744,45,0,24.62268,41.14755,202362,Stephenson,Lance,1610612746,20.82121,37.97433,4.95181778,203,196,NA,25.21991478,0.04099234745,Left
147,9,21500069,2212.08,1,52.08,18.02,2746,Smith,Josh,1610612746,134,0,64.21741,23.4216,201578,Speights,Marreese,1610612744,69.83263,24.68149,5.754825667,206,208,NA,24.58331383,8.964778023,Left
151,13,21500069,1916.34,2,476.34,24,201939,Curry,Stephen,1610612744,202,1,32.07122,18.36314,200755,Redick,JJ,1610612746,19.15241,22.16596,13.46688872,190,193,NA,27.6301602,2.503930406,Right
155,17,21500069,1744.78,2,304.78,10.81,200755,Redick,JJ,1610612746,228,1,63.96296,20.09696,202691,Thompson,Klay,1610612744,68.51008,21.70278,4.822339491,193,201,NA,25.26731393,8.261682316,Left
157,19,21500069,1602.9,2,162.9,15.48,202691,Thompson,Klay,1610612744,242,0,17.01005,47.26673,200755,Redick,JJ,1610612746,24.26112,39.46873,10.64832476,201,193,NA,25.18146225,70.75913515,Left
158,20,21500069,1585.54,2,145.54,10.09,200755,Redick,JJ,1610612746,246,1,73.14342,6.95775,201939,Curry,Stephen,1610612744,77.48255,9.34376,4.951877712,193,190,NA,23.85556799,20.33452524,Left
164,26,21500069,1007.84,3,287.84,21.87,200755,Redick,JJ,1610612746,350,1,25.37959,6.28753,202691,Thompson,Klay,1610612744,22.43645,11.36951,5.87269902,193,201,NA,27.48375751,17.01293326,Right
171,33,21500069,510.1,4,510.1,19.43,2746,Smith,Josh,1610612746,435,1,27.18028,37.15237,2733,Livingston,Shaun,1610612744,18.6588,30.82446,10.61405042,206,201,NA,25.07224117,7.604528837,Left
172,34,21500069,437.28,4,437.28,22.26,203084,Barnes,Harrison,1610612744,455,1,89.23419,2.81556,2746,Smith,Josh,1610612746,86.92415,10.41404,7.941862698,203,206,NA,22.18972325,15.65965684,Left
173,35,21500069,398.74,4,398.74,12.85,203084,Barnes,Harrison,1610612744,456,1,81.59624,47.50987,202325,Johnson,Wesley,1610612746,84.15581,37.31996,10.50645822,203,201,NA,23.619283,3.530322106,Right
177,39,21500069,173.56,4,173.56,5.52,200755,Redick,JJ,1610612746,506,0,29.07288,29.79986,202691,Thompson,Klay,1610612744,28.21089,34.40192,4.682091734,193,201,NA,24.30161039,90.78263041,Right
184,2,21500083,2741.34,1,581.34,17.94,203084,Barnes,Harrison,1610612744,19,1,5.83794,2.3627,1626144,Mudiay,Emmanuel,1610612743,9.14361,9.79444,8.133769949,203,196,NA,22.64493375,25.46746628,Right
191,9,21500083,2244.74,1,84.74,15.94,203084,Barnes,Harrison,1610612744,116,0,12.66427,3.03441,201568,Gallinari,Danilo,1610612743,10.42686,10.44417,7.740190357,203,208,NA,23.18315215,1.849682938,Right
192,10,21500083,2238.66,1,78.66,22.91,203084,Barnes,Harrison,1610612744,116,0,44.01293,23.67539,201568,Gallinari,Danilo,1610612743,27.97405,14.05485,18.70295328,203,208,NA,44.75667575,150.7395298,Right
193,11,21500083,2220.66,1,60.66,7.81,201568,Gallinari,Danilo,1610612743,120,0,72.17604,6.82995,203084,Barnes,Harrison,1610612744,75.08499,9.94299,4.260634711,208,203,NA,24.59363469,0.689180436,Left
195,13,21500083,2149.82,2,709.82,13.02,200751,Foye,Randy,1610612743,140,0,76.3597,46.79479,203084,Barnes,Harrison,1610612744,78.19735,40.96045,6.116901238,193,203,NA,25.07054856,12.13522011,Right
198,16,21500083,1907.6,2,467.6,7.12,1626144,Mudiay,Emmanuel,1610612743,187,0,80.50558,2.26451,203949,McAdoo,James Michael,1610612744,80.28984,8.73441,6.473495946,196,206,NA,24.18414701,21.84165863,Left
206,24,21500083,1571.26,2,131.26,24,201568,Gallinari,Danilo,1610612743,257,1,64.82926,31.76029,201574,Thompson,Jason,1610612744,71.04762,30.19213,6.413043496,208,211,NA,24.85766125,1.627071125,Right
227,45,21500083,475.3,4,475.3,10.04,203084,Barnes,Harrison,1610612744,441,0,88.26036,47.6969,203999,Jokic,Nikola,1610612743,85.99872,35.939,11.97343843,203,208,NA,22.70218089,12.12375152,Right
228,46,21500083,466.67,4,466.67,24,2749,Nelson,Jameer,1610612743,444,0,23.64011,42.69196,203084,Barnes,Harrison,1610612744,18.83495,36.63315,7.732964583,183,203,NA,25.51865189,7.691017776,Left
230,48,21500083,368.19,4,368.19,10.04,203115,Barton,Will,1610612743,469,1,4.7896,46.95067,203084,Barnes,Harrison,1610612744,7.56014,37.26888,10.07039967,198,203,NA,21.95549775,14.76743484,Left
232,50,21500083,302.65,4,302.65,18.68,201589,Arthur,Darrell,1610612743,483,0,29.4829,21.46754,203084,Barnes,Harrison,1610612744,23.96574,28.08955,8.619168806,206,203,NA,24.48901215,41.90680176,Right
237,55,21500083,126.23,4,126.23,7.34,203084,Barnes,Harrison,1610612744,520,1,89.59562,2.97149,203115,Barton,Will,1610612743,77.95903,7.60784,12.52621124,203,198,NA,22.04473465,66.07788587,Left
238,56,21500083,113.64,4,113.64,14.79,2749,Nelson,Jameer,1610612743,525,0,4.46642,47.5842,203084,Barnes,Harrison,1610612744,10.04089,43.80595,6.73423261,183,203,NA,22.59778943,53.88433254,Left
239,1,21500092,2837.24,1,677.24,19.02,200752,Gay,Rudy,1610612758,2,1,64.83417,32.51689,203084,Barnes,Harrison,1610612744,71.71124,29.32138,7.583229915,203,203,NA,25.06931511,7.474232641,Right
241,3,21500092,2706.87,1,546.87,17.28,203084,Barnes,Harrison,1610612744,20,0,21.91033,44.08311,200752,Gay,Rudy,1610612758,25.99748,35.49224,9.513560978,203,203,NA,25.33242355,66.56528599,Left
245,7,21500092,2538.12,1,378.12,16.25,203084,Barnes,Harrison,1610612744,51,0,7.15992,2.80297,200752,Gay,Rudy,1610612758,8.71211,11.09648,8.437511595,203,203,NA,22.279047,15.51852161,Right
253,15,21500092,1908.78,2,468.78,2.18,203084,Barnes,Harrison,1610612744,174,0,22.14867,42.89749,203463,McLemore,Ben,1610612758,19.5379,38.67164,4.9672858,203,196,NA,24.61473534,11.6476188,Left
265,27,21500092,1265.34,3,545.34,10.74,203084,Barnes,Harrison,1610612744,298,0,90.01609,2.35311,201158,Belinelli,Marco,1610612758,87.32515,10.32965,8.418215277,203,196,NA,22.68225321,15.44234342,Left
268,30,21500092,1131.95,3,411.95,18.42,201158,Belinelli,Marco,1610612758,317,1,31.63926,21.27113,203084,Barnes,Harrison,1610612744,24.30971,25.016,8.230817366,196,203,NA,26.65140737,19.02095298,Right
283,45,21500092,492.31,4,492.31,2.28,203084,Barnes,Harrison,1610612744,432,0,84.10233,47.58634,1626161,Cauley-Stein,Willie,1610612758,86.37785,38.07592,9.778858821,203,213,NA,23.05956615,1.82831104,Right
287,49,21500092,223.4,4,223.4,9.11,203084,Barnes,Harrison,1610612744,484,0,89.17724,2.44665,1626161,Cauley-Stein,Willie,1610612758,87.52545,23.31111,20.92974203,203,213,NA,22.55739635,3.441276186,Left
296,6,21500104,2209.17,1,49.17,18.18,203084,Barnes,Harrison,1610612744,105,1,7.58581,2.4679,201229,Tolliver,Anthony,1610612765,13.84529,22.25513,20.75368789,203,203,NA,22.65284836,23.47269058,Right
298,8,21500104,1887.37,2,447.37,16.22,201939,Curry,Stephen,1610612744,159,1,16.8684,47.28699,202694,Morris,Marcus,1610612765,18.19831,42.59662,4.87526731,190,206,NA,25.13358593,43.36360223,Left
301,11,21500104,1691.12,2,251.12,18.05,201939,Curry,Stephen,1610612744,192,0,18.25392,4.59077,1626169,Johnson,Stanley,1610612765,21.57854,11.46553,7.636453575,190,201,NA,24.19997117,58.31192384,Right
303,13,21500104,1669.53,2,229.53,12.58,1626169,Johnson,Stanley,1610612765,195,0,86.4934,47.73692,2738,Iguodala,Andre,1610612744,84.96173,41.20866,6.705534402,201,198,NA,22.84862741,18.87194221,Right
306,16,21500104,1495.29,2,55.29,19,202691,Thompson,Klay,1610612744,231,1,11.89709,2.2376,1626169,Johnson,Stanley,1610612765,1.96156,-0.05754,10.19717726,201,201,NA,23.71309046,86.7284554,Left
308,18,21500104,1371.52,3,651.52,1.46,202694,Morris,Marcus,1610612765,253,1,20.65082,4.21551,203084,Barnes,Harrison,1610612744,20.06351,11.29625,7.105055382,206,203,NA,25.86851912,31.7960503,Right
314,24,21500104,1063.98,3,343.98,13,203084,Barnes,Harrison,1610612744,302,0,81.66474,2.43553,101141,Ilyasova,Ersan,1610612765,82.91227,9.86788,7.536322553,203,208,NA,23.65071279,7.903974086,Left
318,28,21500104,916.97,3,196.97,7.14,1626169,Johnson,Stanley,1610612765,339,1,4.17824,47.3964,2738,Iguodala,Andre,1610612744,10.80959,43.04896,7.92937812,201,198,NA,22.4220294,54.01184372,Left
321,31,21500104,677.65,4,677.65,0.9,201229,Tolliver,Anthony,1610612765,383,0,10.99085,2.00388,203084,Barnes,Harrison,1610612744,11.3296,5.75252,3.763914639,203,203,NA,23.70187532,19.1806316,Right
322,32,21500104,553.88,4,553.88,6.16,203084,Barnes,Harrison,1610612744,394,1,68.5845,37.42884,201229,Tolliver,Anthony,1610612765,76.29167,24.43457,15.10799531,203,203,NA,23.68804454,27.67968204,Right
323,33,21500104,510.3,4,510.3,1.32,1626169,Johnson,Stanley,1610612765,401,0,36.12437,20.40159,2733,Livingston,Shaun,1610612744,30.903,20.42126,5.22140705,201,201,NA,31.21493388,8.255481168,Right
327,37,21500104,92.44,4,92.44,20.54,202691,Thompson,Klay,1610612744,471,1,71.96387,6.76334,1626169,Johnson,Stanley,1610612765,79.42457,14.84991,11.00248421,201,201,NA,24.78608336,0.0663984377,Left
330,40,21500104,21.55,4,21.55,17.79,1626169,Johnson,Stanley,1610612765,481,1,26.66206,4.24021,203110,Green,Draymond,1610612744,19.04198,9.58157,9.305683524,201,201,NA,29.82356777,9.085017459,Right
331,1,21500120,2072.8,2,632.8,16.2,2738,Iguodala,Andre,1610612744,141,1,20.19017,5.6443,201145,Green,Jeff,1610612763,18.5195,11.3807,5.974732062,198,206,NA,24.4510082,21.42595206,Right
333,3,21500120,1889.36,2,449.36,8.76,2440,Barnes,Matt,1610612763,173,1,87.99943,1.77373,203084,Barnes,Harrison,1610612744,85.28786,8.11272,6.894592525,201,203,NA,23.23839438,25.0102308,Left
341,11,21500120,857.48,3,137.48,13.28,201584,Lee,Courtney,1610612763,409,0,18.98682,3.22985,203084,Barnes,Harrison,1610612744,5.90038,16.99386,18.99217953,196,203,NA,25.7417881,11.30279683,Right
344,14,21500120,661.08,4,661.08,3.16,2440,Barnes,Matt,1610612763,456,0,16.82192,3.11084,2738,Iguodala,Andre,1610612744,13.42848,17.48125,14.7656398,201,198,NA,24.75973865,14.57713304,Right
345,15,21500120,434.56,4,434.56,4.48,2440,Barnes,Matt,1610612763,482,0,22.76189,6.8267,202691,Thompson,Klay,1610612744,19.16509,11.01672,5.522068257,201,201,NA,25.23757366,3.294693308,Right
346,16,21500120,421.2,4,421.2,14.6,202691,Thompson,Klay,1610612744,484,1,90.46834,2.03317,2440,Barnes,Matt,1610612763,87.61188,6.6223,5.405504406,201,201,NA,23.03102196,27.62100058,Left
354,24,21500120,83.36,4,83.36,7.68,201145,Green,Jeff,1610612763,559,0,5.10162,47.54121,202691,Thompson,Klay,1610612744,10.08386,42.7116,6.938865049,206,201,NA,22.54169836,45.5140526,Left
356,26,21500120,14.9,4,14.9,5.96,2738,Iguodala,Andre,1610612744,565,0,64.31597,29.10664,201145,Green,Jeff,1610612763,70.33107,26.3459,6.618392052,198,206,NA,24.77672929,15.11305594,Right
360,4,21500125,2726.27,1,566.27,17.42,203084,Barnes,Harrison,1610612744,20,0,8.37821,2.55387,203952,Wiggins,Andrew,1610612750,7.76802,6.2706,3.766485594,203,203,NA,22.66306356,1.389363905,Right
361,5,21500125,2670.65,1,510.65,14.32,203084,Barnes,Harrison,1610612744,31,0,4.37585,47.86767,203952,Wiggins,Andrew,1610612750,6.93292,38.06068,10.13487345,203,203,NA,22.88437173,12.42474947,Left
368,12,21500125,2193.26,1,33.26,14.84,203084,Barnes,Harrison,1610612744,111,0,5.43326,47.62273,202357,Bjelica,Nemanja,1610612750,7.64772,40.24241,7.705384896,203,208,NA,22.62347226,17.16596262,Left
382,26,21500125,1340.25,3,620.25,20.73,203084,Barnes,Harrison,1610612744,267,0,87.3621,47.86601,203952,Wiggins,Andrew,1610612750,84.62654,39.11182,9.17164822,203,203,NA,22.90809201,20.8267081,Right
383,27,21500125,1222.51,3,502.51,15.08,203084,Barnes,Harrison,1610612744,293,1,76.16794,4.2034,1626157,Towns,Karl-Anthony,1610612750,81.29647,13.27067,10.41715917,203,213,NA,24.30651776,1.681280764,Left
391,35,21500125,533.25,4,533.25,14.45,203084,Barnes,Harrison,1610612744,415,1,66.24975,15.0871,202357,Bjelica,Nemanja,1610612750,75.29729,24.14803,12.80462543,203,208,NA,24.58712745,21.26559116,Left
396,40,21500125,274.9,4,274.9,18.86,203084,Barnes,Harrison,1610612744,460,0,74.34657,4.58621,202357,Bjelica,Nemanja,1610612750,80.12338,13.03666,10.23629029,203,208,NA,24.983627,0.8488894912,Left
401,1,21500144,2814.71,1,654.71,7.12,201939,Curry,Stephen,1610612744,8,0,84.34259,2.06118,2207,Johnson,Joe,1610612751,81.30337,9.11732,7.682836059,190,201,NA,23.35839733,34.1786362,Left
407,7,21500144,2494.46,1,334.46,24,2738,Iguodala,Andre,1610612744,51,0,88.14416,47.6228,2207,Johnson,Joe,1610612751,85.5318,40.571,7.520126861,198,201,NA,22.63091076,21.86131455,Right
423,23,21500144,1298.86,3,578.86,1.88,2207,Johnson,Joe,1610612751,255,0,57.03049,30.26189,203084,Barnes,Harrison,1610612744,65.15697,27.54793,8.56768674,201,203,NA,32.15299055,9.048600863,Right
431,31,21500144,820.89,3,100.89,17.78,203110,Green,Draymond,1610612744,322,0,6.27906,47.50394,2207,Johnson,Joe,1610612751,6.90808,34.18629,13.33249668,201,201,NA,22.52745614,5.322384874,Left
434,34,21500144,725.96,3,5.96,4.01,2207,Johnson,Joe,1610612751,334,0,71.27615,4.90098,203110,Green,Draymond,1610612744,71.86995,10.29787,5.429458547,201,201,NA,26.63280006,34.72452067,Left
435,35,21500144,695.61,4,695.61,5.7,2207,Johnson,Joe,1610612751,346,0,61.65235,20.67543,2738,Iguodala,Andre,1610612744,66.89835,22.63628,5.600486472,201,198,NA,27.44056379,11.42725277,Left
447,47,21500144,7.76,4,7.76,NA,2738,Iguodala,Andre,1610612744,475,1,23.20964,41.64518,2207,Johnson,Joe,1610612751,23.44536,39.30514,2.351882463,198,201,NA,24.4869493,52.92751789,Left
449,2,21500164,2795.9,1,635.9,7.09,203084,Barnes,Harrison,1610612744,17,1,4.49309,47.80856,201942,DeRozan,DeMar,1610612761,9.86321,45.75519,5.749305799,203,201,NA,22.82111571,67.17398858,Left
472,25,21500164,1249.31,3,529.31,19.14,201960,Carroll,DeMarre,1610612761,261,1,24.34193,40.40512,203084,Barnes,Harrison,1610612744,18.76158,36.36973,6.886557818,203,203,NA,24.53200997,3.027469415,Left
473,26,21500164,1211.96,3,491.96,6,201960,Carroll,DeMarre,1610612761,263,1,15.67157,46.70438,203084,Barnes,Harrison,1610612744,10.68551,38.98852,9.186690909,203,203,NA,24.07673633,7.222472647,Left
479,32,21500164,754.65,3,34.65,7.84,2449,Scola,Luis,1610612761,349,0,29.64134,22.22639,203084,Barnes,Harrison,1610612744,21.03042,22.15527,8.611213695,206,203,NA,24.54853111,6.960614077,Left
480,33,21500164,690.42,4,690.42,11.59,200768,Lowry,Kyle,1610612761,368,1,8.28255,2.21123,203084,Barnes,Harrison,1610612744,11.64881,10.1421,8.615706898,183,203,NA,22.98965849,30.57874687,Right
488,41,21500164,127.65,4,127.65,8.16,2449,Scola,Luis,1610612761,508,0,4.88355,47.36077,203084,Barnes,Harrison,1610612744,6.27139,40.78268,6.722898773,206,203,NA,22.3637725,10.97461794,Left
496,8,21500177,2586.21,1,426.21,5.26,203084,Barnes,Harrison,1610612744,45,1,88.2027,1.93791,201933,Griffin,Blake,1610612746,88.59138,8.02517,6.099656257,203,208,NA,23.06858323,2.293990773,Left
499,11,21500177,2365.12,1,205.12,5.94,203084,Barnes,Harrison,1610612744,77,0,74.16054,4.92247,201599,Jordan,DeAndre,1610612746,78.38432,13.23551,9.324534923,203,211,NA,24.81853247,9.069550086,Left
503,15,21500177,2058.26,2,618.26,6.66,2746,Smith,Josh,1610612746,135,1,29.73276,20.56804,2738,Iguodala,Andre,1610612744,24.43156,21.56964,5.394990639,206,198,NA,24.88067135,0.4384702294,Right
504,16,21500177,2044.09,2,604.09,15.74,201939,Curry,Stephen,1610612744,134,0,69.22591,40.26181,2746,Smith,Josh,1610612746,73.80985,37.5949,5.303292833,190,206,NA,24.78130212,7.823828886,Right
506,18,21500177,1963.51,2,523.51,9.48,2746,Smith,Josh,1610612746,146,0,6.164,1.74403,203110,Green,Draymond,1610612744,6.75933,7.25354,5.541580844,206,201,NA,23.27392396,8.417831582,Right
508,20,21500177,1847.6,2,407.6,16.15,201939,Curry,Stephen,1610612744,172,0,63.58716,20.71796,2746,Smith,Josh,1610612746,69.62329,24.64591,7.201642631,190,206,NA,25.5245839,23.39596741,Left
510,22,21500177,1721.29,2,281.29,20.46,101108,Paul,Chris,1610612746,201,0,26.95563,4.90394,203084,Barnes,Harrison,1610612744,19.03208,17.61971,14.9824381,183,203,NA,29.58016229,15.27689745,Right
516,28,21500177,1299.88,3,579.88,16.56,203084,Barnes,Harrison,1610612744,312,0,7.91933,5.86946,201933,Griffin,Blake,1610612746,6.79064,10.2304,4.504635257,203,208,NA,19.31587128,6.567433671,Right
520,32,21500177,1139.73,3,419.73,8.22,1718,Pierce,Paul,1610612746,336,0,63.96465,22.92809,203084,Barnes,Harrison,1610612744,72.89758,22.09282,8.971895806,201,203,NA,24.871799,10.12036794,Right
524,36,21500177,927.83,3,207.83,17.93,2746,Smith,Josh,1610612746,372,1,57.81862,28.67897,2738,Iguodala,Andre,1610612744,67.08436,14.55541,16.89168094,206,198,NA,31.1493995,49.95030419,Right
529,41,21500177,593.33,4,593.33,6.42,203084,Barnes,Harrison,1610612744,435,1,28.8317,31.7042,1718,Pierce,Paul,1610612746,20.77188,29.59204,8.331981655,203,201,NA,24.51617573,1.185537104,Left
532,44,21500177,315.45,4,315.45,6.71,101108,Paul,Chris,1610612746,499,0,70.78888,43.14154,203084,Barnes,Harrison,1610612744,73.09565,38.95086,4.783616487,183,203,NA,25.52875448,15.88297952,Right
533,45,21500177,311.33,4,311.33,3.2,101108,Paul,Chris,1610612746,497,0,56.60674,44.00641,203084,Barnes,Harrison,1610612744,68.26073,32.67027,16.25803042,183,203,NA,37.34210471,13.61195033,Right
543,3,21500187,2714.11,1,554.11,11.21,203084,Barnes,Harrison,1610612744,16,0,89.44932,2.21085,2550,Hinrich,Kirk,1610612741,85.52325,7.89275,6.906374827,203,193,NA,22.79987733,32.885977,Left
544,4,21500187,2684.47,1,524.47,13.55,202703,Mirotic,Nikola,1610612741,23,0,25.32976,6.20258,203084,Barnes,Harrison,1610612744,20.50798,9.40588,5.788842135,208,203,NA,27.50526786,9.513151498,Right
555,15,21500187,2044.01,2,604.01,14.78,203084,Barnes,Harrison,1610612744,116,0,86.29992,47.54531,201959,Gibson,Taj,1610612741,86.70153,40.85666,6.700696189,203,206,NA,22.67804875,2.766084998,Right
562,22,21500187,1483.64,2,43.64,9.02,203084,Barnes,Harrison,1610612744,211,1,87.65902,47.49156,202703,Mirotic,Nikola,1610612741,84.68641,38.37908,9.585077045,203,208,NA,22.5180041,20.8440262,Right
566,26,21500187,1230.15,3,510.15,8.24,203084,Barnes,Harrison,1610612744,271,0,27.39935,35.79813,202703,Mirotic,Nikola,1610612741,21.41745,31.50925,7.360544767,203,208,NA,24.64129292,9.649716671,Left
568,28,21500187,1192.63,3,472.63,8.67,202703,Mirotic,Nikola,1610612741,281,0,67.67558,42.75724,203084,Barnes,Harrison,1610612744,72.92825,40.86194,5.584147582,208,203,NA,27.55813402,20.27662048,Right
573,33,21500187,749.33,3,29.33,0.9,203926,McDermott,Doug,1610612741,381,0,74.1017,45.57702,203949,McAdoo,James Michael,1610612744,77.75473,35.48773,10.73025633,203,206,NA,25.25839355,15.54236996,Right
584,44,21500187,133.29,4,133.29,1.8,202703,Mirotic,Nikola,1610612741,495,0,70.02346,44.83326,203084,Barnes,Harrison,1610612744,69.09538,43.24227,1.841896215,208,203,NA,27.27712416,73.61248694,Right
585,45,21500187,77.48,4,77.48,3.06,203084,Barnes,Harrison,1610612744,509,1,26.13328,39.90475,2200,Gasol,Pau,1610612741,16.5527,34.31267,11.09319034,203,213,NA,25.65663571,5.244448915,Left
586,46,21500187,42.94,4,42.94,14.42,203084,Barnes,Harrison,1610612744,510,1,23.43182,7.17268,203503,Snell,Tony,1610612741,13.85791,10.78653,10.23326265,203,201,NA,25.46354093,23.7560123,Right
600,14,21500200,1866.46,2,426.46,6.21,201589,Arthur,Darrell,1610612743,176,1,4.65917,48.09583,203084,Barnes,Harrison,1610612744,4.93687,39.23933,8.860852642,206,203,NA,23.10338597,0.3305471276,Left
605,19,21500200,1522.48,2,82.48,7.13,201568,Gallinari,Danilo,1610612743,248,0,25.9951,40.17943,203084,Barnes,Harrison,1610612744,22.94966,36.88272,4.488095545,208,203,NA,25.70552993,11.07545157,Left
606,20,21500200,1509.83,2,69.83,14.19,203084,Barnes,Harrison,1610612744,251,1,88.48437,48.24047,201568,Gallinari,Danilo,1610612743,85.57615,38.11613,10.53375546,203,208,NA,23.24198798,16.6815706,Right
622,36,21500200,114.05,4,114.05,7.85,203084,Barnes,Harrison,1610612744,537,1,29.02159,18.37208,203123,Papanikolaou,Kostas,1610612743,20.96975,18.61018,8.055359644,203,203,NA,24.6782863,13.88557326,Right
631,6,21500214,2610.17,1,450.17,18.25,203084,Barnes,Harrison,1610612744,41,1,5.35863,48.01347,201579,Hibbert,Roy,1610612747,5.30972,27.93466,20.07886957,203,218,NA,23.01372638,0.1308834688,Left
636,11,21500214,2411.64,1,251.64,23.51,202691,Thompson,Klay,1610612744,71,0,21.4974,5.44363,101150,Williams,Lou,1610612747,18.48309,10.80661,6.152041877,201,185,NA,25.42498012,10.38120048,Right
645,20,21500214,2014.69,2,574.69,12.04,2571,Barbosa,Leandro,1610612744,134,0,25.91083,26.03977,1626204,Nance Jr.,Larry,1610612747,23.93828,26.01955,1.972653632,190,206,NA,20.68697701,2.29371685,Left
646,21,21500214,2007.32,2,567.32,19.41,2571,Barbosa,Leandro,1610612744,133,1,6.40592,2.62613,1626204,Nance Jr.,Larry,1610612747,6.89395,10.81373,8.20213186,190,206,NA,22.40370973,6.3686261,Right
647,22,21500214,1752.12,2,312.12,4.05,203084,Barnes,Harrison,1610612744,188,0,5.49978,47.94216,201156,Young,Nick,1610612747,8.37208,36.63593,11.66537372,203,201,NA,22.94351968,14.87798154,Left
648,23,21500214,1737.05,2,297.05,11.41,201156,Young,Nick,1610612747,190,0,64.00856,28.61174,203084,Barnes,Harrison,1610612744,64.76787,33.38861,4.836841808,201,203,NA,25.00367011,89.27341963,Left
649,24,21500214,1718.16,2,278.16,6.7,203110,Green,Draymond,1610612744,192,0,6.84516,17.93275,101150,Williams,Lou,1610612747,6.3454,15.95896,2.036076379,201,185,NA,7.245036783,153.0722422,Left
651,26,21500214,1563.12,2,123.12,14,203084,Barnes,Harrison,1610612744,212,0,4.42181,47.50508,101138,Bass,Brandon,1610612747,9.26419,35.84322,12.62725713,203,203,NA,22.5203136,20.44225801,Left
664,39,21500214,863.04,3,143.04,24,202691,Thompson,Klay,1610612744,338,1,77.10933,3.61028,101150,Williams,Lou,1610612747,79.92442,10.18175,7.149052362,201,185,NA,24.3521112,5.366475839,Left
669,44,21500214,413.01,4,413.01,9.96,201575,Rush,Brandon,1610612744,411,1,82.62971,47.78658,1897,World Peace,Metta,1610612747,83.96144,36.63497,11.23084638,198,201,NA,23.59419797,8.224314886,Right
671,46,21500214,300.4,4,300.4,7.8,1626273,Huertas,Marcelo,1610612747,432,0,29.90304,24.50305,201574,Thompson,Jason,1610612744,23.47067,23.0425,6.596104162,190,211,NA,24.65804819,13.94760994,Left
681,6,21500236,2691.29,1,531.29,0.59,202693,Morris,Markieff,1610612756,31,1,30.85939,19.7184,203110,Green,Draymond,1610612744,25.84974,22.71804,5.839043865,208,201,NA,26.14834899,19.25889131,Right
685,10,21500236,2537.29,1,377.29,16.7,203110,Green,Draymond,1610612744,49,1,65.42973,33.75294,202693,Morris,Markieff,1610612756,72.95157,25.91985,10.85980552,201,208,NA,24.90881273,25.58831916,Right
688,13,21500236,2358.39,1,198.39,11.62,203110,Green,Draymond,1610612744,84,1,67.34095,36.82761,200782,Tucker,PJ,1610612756,73.74901,34.17345,6.935978537,201,196,NA,24.4589407,6.419934607,Right
690,15,21500236,2225.76,1,65.76,20.76,201939,Curry,Stephen,1610612744,112,0,66.90239,40.98962,203933,Warren,TJ,1610612756,70.94719,39.37517,4.355095388,190,203,NA,27.07371438,14.44027094,Right
692,17,21500236,2111.07,2,671.07,7.27,203141,Teletovic,Mirza,1610612756,139,1,27.11859,11.92409,203084,Barnes,Harrison,1610612744,19.60754,13.30428,7.636805388,206,203,NA,25.47969095,20.46430755,Right
696,21,21500236,1903.22,2,463.22,10.12,2738,Iguodala,Andre,1610612744,178,1,86.16233,47.4581,203933,Warren,TJ,1610612756,86.15992,40.84255,6.615550439,198,203,NA,22.60668688,6.593629243,Right
697,22,21500236,1838.06,2,398.06,15.17,202691,Thompson,Klay,1610612744,187,0,63.94835,23.87091,203933,Warren,TJ,1610612756,69.69319,26.02993,6.137145426,201,203,NA,24.82733749,17.99059505,Left
700,25,21500236,1671.57,2,231.57,10.67,203546,Clark,Ian,1610612744,212,1,91.6559,2.03804,203933,Warren,TJ,1610612756,89.19542,14.60628,12.80681922,190,203,NA,23.14510449,3.864086536,Left
709,34,21500236,1379.03,3,659.03,4.35,203084,Barnes,Harrison,1610612744,278,0,24.8833,40.4292,200782,Tucker,PJ,1610612756,12.28468,27.99873,17.69863866,203,196,NA,24.97051624,6.45237854,Left
711,36,21500236,1323.16,3,603.16,8.06,202688,Knight,Brandon,1610612756,290,0,79.16203,44.43303,203084,Barnes,Harrison,1610612744,77.04118,41.57296,3.560618644,178,203,NA,21.66960599,62.81938303,Right
715,40,21500236,1116.52,3,396.52,14.73,202693,Morris,Markieff,1610612756,326,1,64.73816,21.60973,203110,Green,Draymond,1610612744,71.67547,21.63312,6.937349431,208,201,NA,24.24999775,7.843381281,Left
716,41,21500236,1075.19,3,355.19,16.68,201939,Curry,Stephen,1610612744,337,0,28.86494,32.46698,202693,Morris,Markieff,1610612756,23.29872,30.77908,5.81651197,190,208,NA,24.76734103,0.6774159485,Left
717,42,21500236,1053.64,3,333.64,22.33,201939,Curry,Stephen,1610612744,340,1,11.78582,2.12142,203933,Warren,TJ,1610612756,8.41726,9.18841,7.828763896,190,203,NA,23.79383042,9.542054281,Right
719,44,21500236,978.64,3,258.64,8.96,203933,Warren,TJ,1610612756,354,1,84.92366,42.15862,2738,Iguodala,Andre,1610612744,84.76062,42.16754,0.1632838265,203,198,NA,17.58007731,105.7027231,Left
726,51,21500236,615.36,4,615.36,16.95,2571,Barbosa,Leandro,1610612744,434,1,16.70296,46.82826,203933,Warren,TJ,1610612756,20.02098,36.18026,11.15298887,190,203,NA,24.65042043,44.99286156,Left
729,54,21500236,547.63,4,547.63,16.43,203933,Warren,TJ,1610612756,445,1,84.8036,47.73149,2733,Livingston,Shaun,1610612744,88.28973,34.72531,13.46528205,203,201,NA,23.07151297,5.155744682,Right
731,56,21500236,470.24,4,470.24,4.14,203933,Warren,TJ,1610612756,461,0,86.65025,1.90104,203546,Clark,Ian,1610612744,86.4624,7.82411,5.92604808,203,190,NA,23.19419977,7.010571641,Left
817,30,21500259,984,3,264,13,201939,Curry,Stephen,1610612744,336,0,12.92568,38.79325,NA,NA,NA,NA,NA,NA,999,190,185,NA,15.78511353,NA,NA
833,1,21500268,2805.19,1,645.19,7.65,201939,Curry,Stephen,1610612744,15,0,87.54724,1.71346,202689,Walker,Kemba,1610612766,88.00082,4.84723,3.166425308,190,185,NA,23.31758085,5.279038347,Left
836,4,21500268,2756.84,1,596.84,13.36,202691,Thompson,Klay,1610612744,21,0,88.57187,47.91443,203798,Hairston,PJ,1610612766,86.14058,41.19236,7.14824427,201,185,NA,22.91512235,20.32982529,Right
838,6,21500268,2682.14,1,522.14,19.59,201575,Rush,Brandon,1610612744,29,1,89.00086,2.34505,202689,Walker,Kemba,1610612766,75.25118,9.86653,15.67247145,198,185,NA,22.65633885,60.68562692,Left
842,10,21500268,2605.63,1,445.63,10.85,202691,Thompson,Klay,1610612744,38,1,84.24845,47.36422,203798,Hairston,PJ,1610612766,88.45001,43.50001,5.70834699,201,185,NA,22.81276591,36.01436475,Right
845,13,21500268,2523.87,1,363.87,8.83,202689,Walker,Kemba,1610612766,59,0,27.51283,34.8353,202691,Thompson,Klay,1610612744,21.04312,32.78184,6.787771759,185,201,NA,24.33858512,6.225711459,Left
847,15,21500268,2483.32,1,323.32,19.71,201939,Curry,Stephen,1610612744,63,1,59.05399,24.39843,202689,Walker,Kemba,1610612766,63.51453,24.83401,4.481757136,190,185,NA,29.70210256,4.416839142,Left
849,17,21500268,2451.68,1,291.68,18.39,202689,Walker,Kemba,1610612766,67,0,22.01179,43.73547,203110,Green,Draymond,1610612744,20.80323,38.37971,5.490426436,185,201,NA,25.13912171,29.10141948,Left
854,22,21500268,2199.48,1,39.48,13.38,201939,Curry,Stephen,1610612744,119,0,64.27148,21.71025,202689,Walker,Kemba,1610612766,63.73491,24.07376,2.42365156,190,185,NA,24.69859098,95.13632574,Left
861,29,21500268,1724.95,2,284.95,8.78,203110,Green,Draymond,1610612744,204,0,74.04282,4.81293,202689,Walker,Kemba,1610612766,70.85242,19.73242,15.25679632,201,185,NA,24.9763676,48.14540401,Left
863,31,21500268,1580.66,2,140.66,15.92,201939,Curry,Stephen,1610612744,236,1,81.81038,47.02014,202689,Walker,Kemba,1610612766,80.75348,41.97035,5.159206979,190,185,NA,23.08776497,29.31331327,Right
870,38,21500268,1283.12,3,563.12,19.52,202689,Walker,Kemba,1610612766,279,0,67.8491,11.92989,201939,Curry,Stephen,1610612744,73.79713,13.95637,6.283763368,185,190,NA,24.65107292,13.20541632,Left
874,42,21500268,988.15,3,268.15,21.51,202689,Walker,Kemba,1610612766,324,0,69.46865,41.06009,201939,Curry,Stephen,1610612744,74.39284,37.10409,6.316453368,185,190,NA,25.09376314,1.014333063,Right
878,46,21500268,835.98,3,115.98,12.02,201939,Curry,Stephen,1610612744,358,1,29.19145,30.13337,202689,Walker,Kemba,1610612766,27.07326,28.83513,2.484382413,190,185,NA,24.48559813,19.40240205,Left
880,48,21500268,755.13,3,35.13,16.09,201939,Curry,Stephen,1610612744,364,1,30.64096,32.03242,202689,Walker,Kemba,1610612766,26.16021,27.44822,6.410305001,190,185,NA,26.34683626,30.17294023,Left
881,49,21500268,725.07,3,5.07,NA,201939,Curry,Stephen,1610612744,368,1,30.3955,7.76533,202689,Walker,Kemba,1610612766,27.02472,11.61882,5.119720987,190,185,NA,30.48491463,14.39604406,Right
889,57,21500268,338.54,4,338.54,5.3,203584,Daniels,Troy,1610612766,446,0,63.5306,31.60488,201574,Thompson,Jason,1610612744,69.62658,30.11105,6.276344496,193,211,NA,26.06995543,0.906873118,Right
944,3,21500300,2620.72,1,460.72,8.85,201939,Curry,Stephen,1610612744,40,1,81.52026,2.00876,2207,Johnson,Joe,1610612751,78.00099,10.45417,9.149328467,190,201,NA,24.10116713,40.07796594,Left
949,8,21500300,1932.04,2,492.04,19.71,2571,Barbosa,Leandro,1610612744,188,1,89.44292,47.82146,2207,Johnson,Joe,1610612751,86.75491,34.69352,13.40030621,190,201,NA,22.83197702,9.832531168,Right
952,11,21500300,1664.68,2,224.68,13.84,203546,Clark,Ian,1610612744,238,0,90.57387,2.21129,2207,Johnson,Joe,1610612751,88.16612,8.54666,6.777475422,190,201,NA,22.86157924,16.23338317,Left
958,17,21500300,1395.19,3,675.19,14.42,2207,Johnson,Joe,1610612751,293,0,66.35644,11.99738,203110,Green,Draymond,1610612744,70.82997,18.46703,7.86567491,201,201,NA,25.89478048,25.1963286,Left
966,25,21500300,1041.73,3,321.73,9.34,2738,Iguodala,Andre,1610612744,354,0,26.57035,36.70846,2207,Johnson,Joe,1610612751,18.70588,29.55382,10.63196886,198,201,NA,24.32376122,13.51991806,Left
974,33,21500300,469.29,4,469.29,9.91,2738,Iguodala,Andre,1610612744,451,0,19.56438,46.44835,2207,Johnson,Joe,1610612751,17.99982,41.81295,4.892318587,198,201,NA,25.78629854,15.0678994,Left
977,36,21500300,364.49,4,364.49,7.26,201578,Speights,Marreese,1610612744,467,0,5.14837,48.15585,2207,Johnson,Joe,1610612751,6.41636,42.09107,6.195914387,208,201,NA,23.15607302,11.55750748,Left
978,37,21500300,281.32,4,281.32,18.55,2207,Johnson,Joe,1610612751,485,0,67.72778,7.98044,202691,Thompson,Klay,1610612744,77.87364,8.77975,10.17729687,201,201,NA,27.0480897,34.48901716,Left
993,10,21500314,2536.51,1,376.51,12.62,101139,Miles,CJ,1610612754,63,0,28.6669,31.99,202691,Thompson,Klay,1610612744,25.1607,30.42354,3.840212933,198,201,NA,24.43790714,7.453102504,Left
994,11,21500314,2486.23,1,326.23,20.95,202691,Thompson,Klay,1610612744,75,1,70.40261,46.07315,101139,Miles,CJ,1610612754,71.44346,40.93083,5.246601157,201,198,NA,27.9410875,29.60197241,Right
995,12,21500314,2386.63,1,226.63,16.68,101139,Miles,CJ,1610612754,93,0,29.93512,37.93819,203110,Green,Draymond,1610612744,24.97793,34.83028,5.85088346,198,201,NA,27.87026928,4.425311337,Left
1006,23,21500314,1705.55,2,265.55,19.98,101139,Miles,CJ,1610612754,215,0,25.25249,4.81569,203110,Green,Draymond,1610612744,21.64069,8.48025,5.145298751,198,201,NA,28.41664963,0.1562118322,Right
1007,24,21500314,1672.95,2,232.95,20.67,201939,Curry,Stephen,1610612744,223,0,73.33849,44.66988,101139,Miles,CJ,1610612754,80.73221,38.54156,9.603301592,190,198,NA,24.98837369,12.26721458,Right
1010,27,21500314,1609.77,2,169.77,15.7,101139,Miles,CJ,1610612754,239,1,23.76117,7.71327,2738,Iguodala,Andre,1610612744,22.70001,13.13819,5.527731682,198,198,NA,25.3277407,35.89120716,Right
1013,30,21500314,1515.19,2,75.19,9,101139,Miles,CJ,1610612754,252,1,17.92215,2.71707,202691,Thompson,Klay,1610612744,13.2895,8.55023,7.448973192,198,201,NA,25.63420284,8.829733792,Right
1014,31,21500314,1491.96,2,51.96,21.32,202691,Thompson,Klay,1610612744,254,1,74.17412,4.96968,101139,Miles,CJ,1610612754,74.0042,21.84149,16.87266563,201,198,NA,24.77236357,36.620058,Left
1015,32,21500314,1480.26,2,40.26,14.04,101139,Miles,CJ,1610612754,258,0,17.68129,3.25911,2738,Iguodala,Andre,1610612744,20.51361,7.67672,5.247600851,198,198,NA,25.04402661,62.42630264,Right
1016,33,21500314,1447.94,2,7.94,4.44,201939,Curry,Stephen,1610612744,264,0,70.70768,42.37348,101139,Miles,CJ,1610612754,72.04939,38.40907,4.185299556,190,198,NA,25.04721778,27.38411083,Right
1022,39,21500314,895.06,3,175.06,14.56,101139,Miles,CJ,1610612754,351,1,67.65145,38.61372,202691,Thompson,Klay,1610612744,71.93706,35.77536,5.140305493,198,201,NA,25.1094043,0.6846117194,Right
1034,51,21500314,445.03,4,445.03,11.29,101139,Miles,CJ,1610612754,430,1,68.70653,40.66978,2738,Iguodala,Andre,1610612744,69.00746,37.8663,2.819584894,198,198,NA,25.44175102,45.85530676,Right
1036,53,21500314,377,4,377,10,101139,Miles,CJ,1610612754,435,1,73.0621,39.92445,2733,Livingston,Shaun,1610612744,71.83478,28.5692,11.4213842,198,201,NA,21.65293085,52.59742497,Right
1039,56,21500314,308.36,4,308.36,16.72,101139,Miles,CJ,1610612754,449,0,66.69175,43.01906,201939,Curry,Stephen,1610612744,69.17815,39.20763,4.550734403,198,190,NA,28.48250193,17.63655554,Right
1041,58,21500314,263.93,4,263.93,16.59,202691,Thompson,Klay,1610612744,457,0,29.98063,37.09161,101139,Miles,CJ,1610612754,22.49204,36.12917,7.550183504,201,198,NA,27.52836887,18.73195813,Left
1045,62,21500314,50.57,4,50.57,22.41,101139,Miles,CJ,1610612754,502,0,59.30216,32.01286,201575,Rush,Brandon,1610612744,66.74802,32.05771,7.445995075,198,198,NA,30.27136413,13.74031944,Left
1052,6,21500336,2633.66,1,473.66,17.86,202738,Thomas,Isaiah,1610612738,34,0,29.25208,29.78255,203546,Clark,Ian,1610612744,25.30863,31.86159,4.457937328,175,190,NA,24.47391732,39.06772127,Right
1053,7,21500336,2627.94,1,467.94,22.38,201939,Curry,Stephen,1610612744,33,0,64.24119,40.88638,202738,Thomas,Isaiah,1610612738,68.92757,38.1494,5.427081815,190,175,NA,29.20717099,2.664776734,Right
1062,16,21500336,2359.87,1,199.87,18,203546,Clark,Ian,1610612744,80,0,69.29581,41.59383,202738,Thomas,Isaiah,1610612738,86.04995,36.53942,17.4999505,190,175,NA,25.56991792,23.67558725,Right
1071,25,21500336,1705.82,2,265.82,1.54,202738,Thomas,Isaiah,1610612738,206,0,28.19157,17.19874,201575,Rush,Brandon,1610612744,24.20149,20.15305,4.964744302,175,198,NA,24.23170014,17.73620082,Right
1079,33,21500336,1165.43,3,445.43,12.01,203546,Clark,Ian,1610612744,326,0,5.09438,47.47712,202738,Thomas,Isaiah,1610612738,11.02199,41.29896,8.561905238,190,175,NA,22.47765871,43.41765318,Left
1082,36,21500336,1001.86,3,281.86,13.59,202738,Thomas,Isaiah,1610612738,360,0,67.76651,12.44344,203105,Ezeli,Festus,1610612744,71.35486,16.62116,5.50723162,175,211,NA,24.45350796,18.44349785,Left
1084,38,21500336,950.45,3,230.45,19.78,202738,Thomas,Isaiah,1610612738,376,0,72.14395,42.50368,203546,Clark,Ian,1610612744,67.86486,37.35543,6.694407314,175,190,NA,24.12757158,83.22502281,Right
1085,39,21500336,925.96,3,205.96,7.35,203482,Olynyk,Kelly,1610612738,387,0,69.53425,10.21134,203949,McAdoo,James Michael,1610612744,73.85652,14.26463,5.92546857,213,206,NA,24.24767025,5.578295529,Left
1088,42,21500336,666.99,4,666.99,11.4,203482,Olynyk,Kelly,1610612738,434,1,71.31432,43.28707,203949,McAdoo,James Michael,1610612744,74.5098,37.54949,6.567413242,213,206,NA,25.26697185,14.519589,Right
1090,44,21500336,514.5,4,514.5,8.15,203110,Green,Draymond,1610612744,463,0,29.89579,28.32164,101135,Lee,David,1610612738,17.86769,21.19828,13.97917906,201,206,NA,24.86861993,22.95934803,Left
1091,45,21500336,453.81,4,453.81,15.28,202738,Thomas,Isaiah,1610612738,475,1,70.10312,10.86698,2733,Livingston,Shaun,1610612744,68.16201,18.74787,8.116423795,175,201,NA,23.39761501,66.67730602,Left
1093,47,21500336,240.61,4,240.61,15,202738,Thomas,Isaiah,1610612738,514,1,76.19827,46.80253,2733,Livingston,Shaun,1610612744,75.29897,42.37876,4.51425315,175,201,NA,25.15742913,41.42002906,Right
1134,3,21500381,2792.63,1,632.63,18.3,202691,Thompson,Klay,1610612744,8,0,69.44657,46.01995,200782,Tucker,PJ,1610612756,72.26355,41.58238,5.256177682,201,196,NA,28.53875799,10.15497858,Right
1135,4,21500381,2753,1,593,13,201575,Rush,Brandon,1610612744,13,1,86.10962,20.36717,NA,NA,NA,NA,NA,NA,999,198,203,NA,5.332421622,NA,NA
1141,10,21500381,2482.73,1,322.73,6.25,202691,Thompson,Klay,1610612744,63,0,65.17951,31.23325,203933,Warren,TJ,1610612756,73.02675,30.29864,7.902700264,201,203,NA,24.3807589,8.020894627,Right
1143,12,21500381,2344.85,1,184.85,15,2738,Iguodala,Andre,1610612744,85,0,86.54749,47.42441,203933,Warren,TJ,1610612756,80.77637,37.57185,11.4183521,198,203,NA,22.53231489,35.96912471,Right
1152,21,21500381,1913.8,2,473.8,4.43,201575,Rush,Brandon,1610612744,145,0,81.80455,2.32192,203933,Warren,TJ,1610612756,88.10555,17.83647,16.74526389,198,203,NA,23.71781162,5.075914339,Left
1154,23,21500381,1809.78,2,369.78,17.6,202691,Thompson,Klay,1610612744,165,0,85.0991,2.20496,203933,Warren,TJ,1610612756,84.70025,8.91525,6.722133085,201,203,NA,23.08555651,12.50090564,Left
1157,26,21500381,1691.72,2,251.72,18.25,200782,Tucker,PJ,1610612756,200,0,27.49904,35.12312,203110,Green,Draymond,1610612744,20.31456,30.09517,8.769095396,196,201,NA,24.4437587,10.52054896,Left
1164,33,21500381,1388.96,3,668.96,10,202691,Thompson,Klay,1610612744,261,0,4.70074,3.02452,200782,Tucker,PJ,1610612756,11.95117,4.01343,7.317559578,201,196,NA,21.98234309,80.80140072,Right
1165,34,21500381,1231.25,3,511.25,2.09,202691,Thompson,Klay,1610612744,291,1,3.66855,2.97539,200782,Tucker,PJ,1610612756,9.94528,6.21834,7.06498862,201,196,NA,22.08131404,58.56930013,Right
1167,36,21500381,1141.55,3,421.55,21.06,202691,Thompson,Klay,1610612744,308,1,17.73439,3.57982,203933,Warren,TJ,1610612756,12.22024,9.50899,8.096969008,201,203,NA,24.79282366,12.6878906,Right
1174,43,21500381,753.63,3,33.63,8.88,203933,Warren,TJ,1610612756,382,0,64.58206,20.07663,203110,Green,Draymond,1610612744,76.17741,22.35706,11.817466,203,201,NA,24.66432436,0.3882201937,Left
1175,44,21500381,747.46,3,27.46,21.42,203933,Warren,TJ,1610612756,386,0,77.97517,16.58623,203105,Ezeli,Festus,1610612744,84.85404,19.13751,7.336748743,203,211,NA,13.67071641,17.63616663,Left
1183,52,21500381,13.22,4,13.22,14,203462,Goodwin,Archie,1610612756,522,0,64.76528,19.57237,201574,Thompson,Jason,1610612744,75.22681,22.63336,10.90014999,196,211,NA,24.59117648,3.558200743,Left
1212,29,21500397,577.39,4,577.39,19.44,201564,Mayo,O.J.,1610612749,437,0,30.31972,27.06597,203949,McAdoo,James Michael,1610612744,25.92619,24.22922,5.229747262,201,206,NA,25.1547032,28.13788753,Left
1232,12,21500434,1955.17,2,515.17,13.21,204060,Ingles,Joe,1610612762,135,1,21.90987,45.15713,203949,McAdoo,James Michael,1610612744,18.50054,40.00669,6.176614222,203,206,NA,26.15073915,6.071196828,Left
1258,38,21500434,30.52,4,30.52,13.35,204060,Ingles,Joe,1610612762,462,0,64.41431,31.76928,203949,McAdoo,James Michael,1610612744,69.20258,29.93927,5.126057568,203,206,NA,25.25963102,5.371577921,Right
1261,3,21500438,2738.06,1,578.06,11.59,2747,Smith,J.R.,1610612739,15,1,72.44993,45.46496,201939,Curry,Stephen,1610612744,76.57883,41.56446,5.679939741,198,190,NA,26.16308219,8.092507465,Right
1262,4,21500438,2695.56,1,535.56,1.1,2747,Smith,J.R.,1610612739,18,0,71.10726,43.38353,201939,Curry,Stephen,1610612744,79.98779,36.49301,11.24024372,198,190,NA,25.47980475,8.369621341,Right
1264,6,21500438,2598.82,1,438.82,13.69,2747,Smith,J.R.,1610612739,39,1,72.12906,5.52757,203110,Green,Draymond,1610612744,78.49677,10.51946,8.091149264,198,201,NA,25.60139013,11.42291798,Left
1291,33,21500438,1104.91,3,384.91,9.4,2747,Smith,J.R.,1610612739,327,1,22.77392,5.23536,201939,Curry,Stephen,1610612744,19.44303,9.08624,5.091571954,198,190,NA,26.41455596,0.7023804147,Right
1292,34,21500438,1089.73,3,369.73,19.17,2747,Smith,J.R.,1610612739,332,0,24.10677,6.90202,202691,Thompson,Klay,1610612744,20.3739,11.67843,6.06204676,198,201,NA,26.13646217,8.167873444,Right
1294,36,21500438,1072.45,3,352.45,18.16,2747,Smith,J.R.,1610612739,337,0,31.25852,29.91259,201939,Curry,Stephen,1610612744,25.29806,23.54979,8.718503728,198,190,NA,26.46840859,36.17374256,Left
1301,43,21500438,70.2,4,70.2,13.51,2747,Smith,J.R.,1610612739,516,1,23.35126,43.11919,2733,Livingston,Shaun,1610612744,16.57852,38.48828,8.204592283,198,201,NA,25.61172895,10.66571181,Left
1304,46,21500438,8.87,4,8.87,NA,2747,Smith,J.R.,1610612739,549,0,32.9347,25.96717,2733,Livingston,Shaun,1610612744,29.4331,23.43718,4.319959717,198,201,NA,27.70158898,33.8481896,Left
1367,63,21500468,586.13,4,586.13,14,203552,Curry,Seth,1610612758,452,0,29.49129,31.56524,203949,McAdoo,James Michael,1610612744,23.12388,30.00126,6.556671682,188,206,NA,25.11458774,1.353877291,Left
1372,68,21500468,322.69,4,322.69,16.33,201956,Casspi,Omri,1610612758,511,1,33.13284,29.19397,201574,Thompson,Jason,1610612744,26.39426,27.23242,7.018271783,206,211,NA,28.19649182,7.675917382,Left
1376,72,21500468,96.79,4,96.79,14.08,203112,Acy,Quincy,1610612758,561,0,28.68786,17.30463,201574,Thompson,Jason,1610612744,19.16257,20.55694,10.06522081,201,211,NA,24.66884677,0.6753319648,Right
1381,3,21500480,2642.54,1,482.54,19.75,200826,Barea,Jose Juan,1610612742,22,1,28.09852,16.08746,203110,Green,Draymond,1610612744,19.82613,26.6864,13.44507216,183,201,NA,24.52525709,30.71893624,Right
1382,4,21500480,2532,1,372,19.5,202083,Matthews,Wesley,1610612742,32,1,5.34527,47.48371,202691,Thompson,Klay,1610612744,7.39602,41.99728,5.857174208,201,201,NA,22.48391184,20.7378101,Left
1384,6,21500480,2389.45,1,229.45,16.05,202691,Thompson,Klay,1610612744,57,1,73.73039,3.9678,202083,Matthews,Wesley,1610612742,74.49968,8.28238,4.382625661,201,201,NA,25.84457625,25.42195746,Left
1387,9,21500480,1987.31,2,547.31,11.95,203546,Clark,Ian,1610612744,123,1,69.20078,8.52204,200826,Barea,Jose Juan,1610612742,72.58782,13.52114,6.038463445,190,183,NA,25.56746308,15.75377729,Left
1388,10,21500480,1967.21,2,527.21,8.82,200826,Barea,Jose Juan,1610612742,125,0,29.17651,19.74067,203546,Clark,Ian,1610612744,22.09816,18.7325,7.149786393,183,190,NA,24.49772301,20.50325636,Left
1389,11,21500480,1939.97,2,499.97,18.06,201575,Rush,Brandon,1610612744,126,0,90.52251,47.22256,200826,Barea,Jose Juan,1610612742,81.53055,40.76693,11.06934973,198,183,NA,22.29313716,49.76380787,Right
1391,13,21500480,1776.82,2,336.82,14.72,202083,Matthews,Wesley,1610612742,175,0,7.22159,2.46124,202691,Thompson,Klay,1610612744,8.42443,7.31407,4.999678297,201,201,NA,22.62482861,18.92023361,Right
1392,14,21500480,1709.22,2,269.22,13.39,200826,Barea,Jose Juan,1610612742,183,1,26.81041,39.36085,202691,Thompson,Klay,1610612744,27.73973,30.8365,8.574857351,183,201,NA,25.90531397,62.55519151,Left
1394,16,21500480,1585.61,2,145.61,18.42,200826,Barea,Jose Juan,1610612742,213,1,30.02904,23.5383,203110,Green,Draymond,1610612744,23.78097,25.87075,6.669235468,183,201,NA,24.82211494,17.09503936,Right
1396,18,21500480,1475.74,2,35.74,9.75,202083,Matthews,Wesley,1610612742,236,1,6.97737,47.65175,202691,Thompson,Klay,1610612744,8.41578,44.0084,3.917017048,201,201,NA,22.71751714,25.90511999,Left
1397,19,21500480,1446.18,2,6.18,NA,201575,Rush,Brandon,1610612744,241,0,61.64866,18.97289,200826,Barea,Jose Juan,1610612742,73.77966,19.72169,12.1540883,198,183,NA,27.76344151,9.005887796,Left
1400,22,21500480,1309.78,3,589.78,7.61,200826,Barea,Jose Juan,1610612742,260,1,63.28552,19.02347,203110,Green,Draymond,1610612744,69.4521,22.65802,7.157978947,183,201,NA,26.1564266,17.30657885,Left
1405,27,21500480,1027.14,3,307.14,3.05,202083,Matthews,Wesley,1610612742,308,1,65.00118,34.12124,202691,Thompson,Klay,1610612744,69.34589,34.03497,4.345566418,201,201,NA,25.440194,19.87281472,Right
1407,29,21500480,624,4,624,1.46,200826,Barea,Jose Juan,1610612742,388,0,70.79386,4.37865,203949,McAdoo,James Michael,1610612744,74.86454,8.5019,5.794102711,183,206,NA,27.34342772,3.584535032,Left
1409,31,21500480,582.81,4,582.81,16.73,200826,Barea,Jose Juan,1610612742,399,1,66.79719,36.3093,2738,Iguodala,Andre,1610612744,74.66118,37.62633,7.973512823,183,198,NA,24.69465799,36.76333631,Left
1411,33,21500480,380.74,4,380.74,10.34,101111,Villanueva,Charlie,1610612742,423,0,72.93239,6.2835,201574,Thompson,Jason,1610612744,78.33244,12.32175,8.100679173,211,211,NA,24.50518636,1.604812023,Left
1413,35,21500480,326.98,4,326.98,2.48,101111,Villanueva,Charlie,1610612742,434,1,73.12761,5.29207,201574,Thompson,Jason,1610612744,74.16911,12.71768,7.498293547,211,211,NA,25.14878872,30.41960981,Left
1416,38,21500480,174.5,4,174.5,17.01,203098,Jenkins,John,1610612742,469,0,62.4768,17.30791,201574,Thompson,Jason,1610612744,68.37558,18.05491,5.945890555,193,211,NA,27.37607143,9.101307272,Left
1417,39,21500480,108.1,4,108.1,11.4,202379,Evans,Jeremy,1610612742,495,0,89.54433,2.21818,203949,McAdoo,James Michael,1610612744,87.95453,7.44908,5.467154548,206,206,NA,22.79566368,14.90841158,Left
1451,31,21500485,813.48,3,93.48,1.54,203093,Jones,Terrence,1610612745,421,0,87.14359,47.93168,203949,McAdoo,James Michael,1610612744,86.60564,38.34104,9.605715268,206,206,NA,22.98787726,7.217559593,Right
1469,4,21500493,2716.63,1,556.63,14.47,203798,Hairston,PJ,1610612766,14,1,66.39652,35.95932,201575,Rush,Brandon,1610612744,70.25069,33.15694,4.765286985,196,198,NA,24.89547676,9.90353497,Right
1470,5,21500493,2661.11,1,501.11,18.85,201939,Curry,Stephen,1610612744,25,0,21.65618,45.75494,202689,Walker,Kemba,1610612766,18.36147,40.6128,6.107103877,190,185,NA,26.45619543,5.676551149,Left
1471,6,21500493,2638.06,1,478.06,12.97,202691,Thompson,Klay,1610612744,29,1,29.966,27.37629,203798,Hairston,PJ,1610612766,24.77455,26.55667,5.255752091,201,196,NA,24.82997,3.479982969,Left
1472,7,21500493,2559.59,1,399.59,18.4,201939,Curry,Stephen,1610612744,41,0,3.64659,2.17165,203798,Hairston,PJ,1610612766,3.5767,7.04276,4.87161136,190,196,NA,22.88459061,4.839738887,Right
1473,8,21500493,2554.93,1,394.93,20.71,201939,Curry,Stephen,1610612744,43,1,22.34847,5.8262,203798,Hairston,PJ,1610612766,15.18441,10.6944,8.661589168,190,196,NA,25.69031496,14.07730858,Right
1475,10,21500493,2515.33,1,355.33,13.37,202689,Walker,Kemba,1610612766,52,0,63.64271,23.76582,201939,Curry,Stephen,1610612744,68.69891,23.33896,5.074186427,185,190,NA,25.13760552,7.639823552,Right
1490,25,21500493,1642.63,2,202.63,13.23,202689,Walker,Kemba,1610612766,186,1,63.44792,19.50647,203110,Green,Draymond,1610612744,71.18795,19.89821,7.749937073,185,201,NA,25.89158404,9.352411634,Left
1491,26,21500493,1612.29,2,172.29,17.56,203084,Barnes,Harrison,1610612744,192,0,6.0635,2.25831,203798,Hairston,PJ,1610612766,6.70459,7.01839,4.803057151,203,196,NA,22.75623533,9.719140664,Right
1494,29,21500493,1495.07,2,55.07,13.83,203798,Hairston,PJ,1610612766,210,0,66.89194,39.41218,203084,Barnes,Harrison,1610612744,66.97278,30.31698,9.095559254,196,203,NA,26.1817822,56.09177082,Right
1496,31,21500493,1281.48,3,561.48,5.44,203798,Hairston,PJ,1610612766,249,0,19.37379,47.65294,202691,Thompson,Klay,1610612744,19.11133,39.95792,7.699494662,196,201,NA,26.69526427,29.98948583,Left
1498,33,21500493,1143.34,3,423.34,11.27,201939,Curry,Stephen,1610612744,269,0,65.4571,34.08484,202689,Walker,Kemba,1610612766,68.7997,36.90528,4.373540506,190,185,NA,25.00187009,61.46429751,Left
1501,36,21500493,1038.97,3,318.97,17.73,201939,Curry,Stephen,1610612744,281,0,76.79474,46.57014,202689,Walker,Kemba,1610612766,75.06542,42.39081,4.522979871,190,185,NA,24.66169462,51.4761882,Right
1505,40,21500493,806.73,3,86.73,16.16,202689,Walker,Kemba,1610612766,323,0,28.41012,13.89809,203546,Clark,Ian,1610612744,22.82855,17.14396,6.456748076,185,190,NA,25.6835271,4.568492032,Right
1509,44,21500493,368.15,4,368.15,12.98,202691,Thompson,Klay,1610612744,390,0,72.81381,46.18857,202689,Walker,Kemba,1610612766,78.7719,41.81148,7.393088212,201,185,NA,26.51259418,16.74997978,Right
1511,46,21500493,245.72,4,245.72,10.41,202689,Walker,Kemba,1610612766,407,1,26.78199,12.54577,202691,Thompson,Klay,1610612744,25.77107,18.03461,5.581157926,185,201,NA,24.87437312,49.51902165,Right
1512,47,21500493,188.62,4,188.62,4.74,201939,Curry,Stephen,1610612744,421,0,69.37026,43.0982,202689,Walker,Kemba,1610612766,70.03417,39.95792,3.209693905,190,185,NA,26.51639428,35.02089762,Right
1513,48,21500493,44.51,4,44.51,9.71,201939,Curry,Stephen,1610612744,449,0,70.29658,41.08904,202689,Walker,Kemba,1610612766,71.91717,36.48984,4.876366741,190,185,NA,24.48235932,29.50510817,Right
1514,49,21500493,35.76,4,35.76,17.58,202391,Lin,Jeremy,1610612766,451,0,11.5416,2.70097,203084,Barnes,Harrison,1610612744,15.17978,12.95771,10.88287963,190,203,NA,23.16961306,35.28640629,Right
1519,4,21500493,2716.63,1,556.63,14.47,203798,Hairston,PJ,1610612766,14,0,66.39652,35.95932,201575,Rush,Brandon,1610612744,70.25069,33.15694,4.765286985,196,198,NA,24.89547676,9.90353497,Right
1520,5,21500493,2661.11,1,501.11,18.85,201939,Curry,Stephen,1610612744,25,0,21.65618,45.75494,202689,Walker,Kemba,1610612766,18.36147,40.6128,6.107103877,190,185,NA,26.45619543,5.676551149,Left
1521,6,21500493,2638.06,1,478.06,12.97,202691,Thompson,Klay,1610612744,29,0,29.966,27.37629,203798,Hairston,PJ,1610612766,24.77455,26.55667,5.255752091,201,196,NA,24.82997,3.479982969,Left
1522,7,21500493,2559.59,1,399.59,18.4,201939,Curry,Stephen,1610612744,41,0,3.64659,2.17165,203798,Hairston,PJ,1610612766,3.5767,7.04276,4.87161136,190,196,NA,22.88459061,4.839738887,Right
1523,8,21500493,2554.93,1,394.93,20.71,201939,Curry,Stephen,1610612744,43,0,22.34847,5.8262,203798,Hairston,PJ,1610612766,15.18441,10.6944,8.661589168,190,196,NA,25.69031496,14.07730858,Right
1525,10,21500493,2515.33,1,355.33,13.37,202689,Walker,Kemba,1610612766,52,0,63.64271,23.76582,201939,Curry,Stephen,1610612744,68.69891,23.33896,5.074186427,185,190,NA,25.13760552,7.639823552,Right
1540,25,21500493,1642.63,2,202.63,13.23,202689,Walker,Kemba,1610612766,186,1,63.44792,19.50647,203110,Green,Draymond,1610612744,71.18795,19.89821,7.749937073,185,201,NA,25.89158404,9.352411634,Left
1541,26,21500493,1612.29,2,172.29,17.56,203084,Barnes,Harrison,1610612744,192,0,6.0635,2.25831,203798,Hairston,PJ,1610612766,6.70459,7.01839,4.803057151,203,196,NA,22.75623533,9.719140664,Right
1544,29,21500493,1495.07,2,55.07,13.83,203798,Hairston,PJ,1610612766,210,1,66.89194,39.41218,203084,Barnes,Harrison,1610612744,66.97278,30.31698,9.095559254,196,203,NA,26.1817822,56.09177082,Right
1546,31,21500493,1281.48,3,561.48,5.44,203798,Hairston,PJ,1610612766,249,1,19.37379,47.65294,202691,Thompson,Klay,1610612744,19.11133,39.95792,7.699494662,196,201,NA,26.69526427,29.98948583,Left
1548,33,21500493,1143.34,3,423.34,11.27,201939,Curry,Stephen,1610612744,269,1,65.4571,34.08484,202689,Walker,Kemba,1610612766,68.7997,36.90528,4.373540506,190,185,NA,25.00187009,61.46429751,Left
1551,36,21500493,1038.97,3,318.97,17.73,201939,Curry,Stephen,1610612744,281,1,76.79474,46.57014,202689,Walker,Kemba,1610612766,75.06542,42.39081,4.522979871,190,185,NA,24.66169462,51.4761882,Right
1555,40,21500493,806.73,3,86.73,16.16,202689,Walker,Kemba,1610612766,323,0,28.41012,13.89809,203546,Clark,Ian,1610612744,22.82855,17.14396,6.456748076,185,190,NA,25.6835271,4.568492032,Right
1559,44,21500493,368.15,4,368.15,12.98,202691,Thompson,Klay,1610612744,390,0,72.81381,46.18857,202689,Walker,Kemba,1610612766,78.7719,41.81148,7.393088212,201,185,NA,26.51259418,16.74997978,Right
1561,46,21500493,245.72,4,245.72,10.41,202689,Walker,Kemba,1610612766,407,0,26.78199,12.54577,202691,Thompson,Klay,1610612744,25.77107,18.03461,5.581157926,185,201,NA,24.87437312,49.51902165,Right
1562,47,21500493,188.62,4,188.62,4.74,201939,Curry,Stephen,1610612744,421,0,69.37026,43.0982,202689,Walker,Kemba,1610612766,70.03417,39.95792,3.209693905,190,185,NA,26.51639428,35.02089762,Right
1563,48,21500493,44.51,4,44.51,9.71,201939,Curry,Stephen,1610612744,449,0,70.29658,41.08904,202689,Walker,Kemba,1610612766,71.91717,36.48984,4.876366741,190,185,NA,24.48235932,29.50510817,Right
1564,49,21500493,35.76,4,35.76,17.58,202391,Lin,Jeremy,1610612766,451,0,11.5416,2.70097,203084,Barnes,Harrison,1610612744,15.17978,12.95771,10.88287963,190,203,NA,23.16961306,35.28640629,Right
1567,2,21500524,2812.65,1,652.65,20.02,202691,Thompson,Klay,1610612744,8,0,70.86727,45.15778,101150,Williams,Lou,1610612747,74.95119,41.97346,5.178638472,201,185,NA,26.94676468,10.47824703,Right
1568,3,21500524,2798.68,1,638.68,21.06,201939,Curry,Stephen,1610612744,12,0,73.33573,44.43748,1626204,Nance Jr.,Larry,1610612747,77.37775,39.1872,6.625961497,190,206,NA,24.80756635,0.8235417734,Right
1569,4,21500524,2768.06,1,608.06,8.73,203110,Green,Draymond,1610612744,18,0,87.54689,47.6424,1626204,Nance Jr.,Larry,1610612747,86.47263,37.04366,10.65304295,201,206,NA,22.67434126,8.829148394,Right
1572,7,21500524,2564.73,1,404.73,14.64,202691,Thompson,Klay,1610612744,59,0,67.09601,6.41932,101150,Williams,Lou,1610612747,68.82663,26.05976,19.71653948,201,185,NA,28.53308522,44.33241479,Left
1573,8,21500524,2525.61,1,365.61,13.61,101150,Williams,Lou,1610612747,77,0,28.88667,39.66064,203110,Green,Draymond,1610612744,24.5339,38.55733,4.490423101,185,201,NA,27.8141427,17.58587334,Left
1575,10,21500524,2492.12,1,332.12,19.08,202691,Thompson,Klay,1610612744,81,1,70.80707,44.82503,101150,Williams,Lou,1610612747,72.82734,39.70463,5.5045424,201,185,NA,26.73912025,20.61525547,Right
1576,11,21500524,2403.2,1,243.2,16.08,201939,Curry,Stephen,1610612744,92,1,84.00233,0.8166,1626204,Nance Jr.,Larry,1610612747,84.86205,6.57024,5.817515941,190,206,NA,24.64502396,2.608645628,Left
1584,19,21500524,1849.62,2,409.62,5.12,1897,World Peace,Metta,1610612747,192,1,15.76341,46.63268,201939,Curry,Stephen,1610612744,21.41666,31.87157,15.80663165,201,190,NA,24.05212327,46.87557285,Left
1586,21,21500524,1814.08,2,374.08,10.49,202691,Thompson,Klay,1610612744,203,0,71.6025,42.44897,1626204,Nance Jr.,Larry,1610612747,72.50522,38.18207,4.361346009,201,206,NA,24.4643273,32.55519674,Right
1587,22,21500524,1649.52,2,209.52,19.85,101150,Williams,Lou,1610612747,228,0,71.83923,36.9444,203110,Green,Draymond,1610612744,73.23855,38.05108,1.784050752,185,201,NA,20.7036913,73.57370126,Left
1592,27,21500524,1251.63,3,531.63,20.01,201575,Rush,Brandon,1610612744,302,0,16.66541,45.99837,101150,Williams,Lou,1610612747,11.66204,29.46504,17.2738158,198,185,NA,23.90069305,11.69293378,Left
1594,29,21500524,1198.76,3,478.76,7.12,101150,Williams,Lou,1610612747,320,0,64.14771,18.43509,202691,Thompson,Klay,1610612744,65.4591,23.69387,5.419825719,185,201,NA,25.46312464,61.05688755,Left
1596,31,21500524,1096.86,3,376.86,0.96,1897,World Peace,Metta,1610612747,336,0,88.9888,1.88415,203110,Green,Draymond,1610612744,86.19777,8.01541,6.736631031,201,201,NA,23.11708344,23.88377361,Left
1600,35,21500524,872.8,3,152.8,20.47,202691,Thompson,Klay,1610612744,397,1,23.33048,7.99308,1897,World Peace,Metta,1610612747,18.50409,17.5388,10.69648591,201,201,NA,24.82214908,19.93100278,Right
1601,36,21500524,827.63,3,107.63,5.15,1897,World Peace,Metta,1610612747,410,0,80.00442,48.55117,202691,Thompson,Klay,1610612744,81.60714,43.05859,5.721638441,201,201,NA,25.12255516,4.105062565,Right
1602,37,21500524,821.65,3,101.65,19.52,1897,World Peace,Metta,1610612747,411,0,89.25336,29.75976,2738,Iguodala,Andre,1610612744,88.29384,24.70792,5.142155775,201,198,NA,4.78630197,4.717583154,Right
1604,39,21500524,771.86,3,51.86,16.47,1897,World Peace,Metta,1610612747,423,0,68.99903,7.80766,2738,Iguodala,Andre,1610612744,73.52673,10.13575,5.091175732,201,198,NA,26.18544196,13.82642586,Left
1615,3,21500548,2627.22,1,467.22,24,201575,Rush,Brandon,1610612744,39,1,89.83525,2.03283,203468,McCollum,CJ,1610612757,72.84402,14.33445,20.9769338,198,193,NA,22.99279595,51.39018803,Left
1619,7,21500548,2506.68,1,346.68,9.03,203468,McCollum,CJ,1610612757,58,0,28.25754,40.46483,202691,Thompson,Klay,1610612744,23.27646,28.01474,13.40954507,193,201,NA,27.72197438,34.28689262,Left
1629,17,21500548,1998.4,2,558.4,19.68,203084,Barnes,Harrison,1610612744,147,0,54.95049,4.79301,203086,Leonard,Meyers,1610612757,61.18908,19.09946,15.60751475,203,216,NA,39.37930067,35.56647396,Left
1635,23,21500548,1772.03,2,332.03,21.93,203081,Lillard,Damian,1610612757,201,0,21.567,24.19789,203084,Barnes,Harrison,1610612744,19.77984,34.58824,10.5429272,190,203,NA,16.33670314,77.42623601,Right
1638,26,21500548,1485.81,2,45.81,18.81,202691,Thompson,Klay,1610612744,282,1,89.35792,2.0777,203468,McCollum,CJ,1610612757,87.19502,7.5513,5.885442496,201,193,NA,22.93035988,20.0423375,Left
1643,31,21500548,1209.6,3,489.6,11.74,202691,Thompson,Klay,1610612744,332,1,22.71601,7.73006,203468,McCollum,CJ,1610612757,21.91888,11.08866,3.451899506,201,193,NA,24.56241708,31.97186914,Right
1652,40,21500548,952.64,3,232.64,12.17,203468,McCollum,CJ,1610612757,367,1,75.9115,45.12298,202691,Thompson,Klay,1610612744,88.74204,40.25932,13.72144108,193,201,NA,23.86967546,36.70188091,Right
1663,51,21500548,552.04,4,552.04,15.59,203084,Barnes,Harrison,1610612744,448,0,4.48826,47.5508,201945,Henderson,Gerald,1610612757,7.85274,42.11815,6.390102636,203,196,NA,22.56366168,29.83558713,Left
1665,53,21500548,370.7,4,370.7,22.4,203084,Barnes,Harrison,1610612744,478,1,25.75175,9.92245,203081,Lillard,Damian,1610612757,25.26817,16.52371,6.618948799,203,190,NA,25.44905238,49.47845618,Right
1666,54,21500548,206.66,4,206.66,19.12,203468,McCollum,CJ,1610612757,501,0,88.32454,47.05268,201575,Rush,Brandon,1610612744,81.80971,43.81602,7.274543139,193,198,NA,22.0567838,64.68642576,Right
1693,24,21500556,1834.16,2,394.16,18.18,203084,Barnes,Harrison,1610612744,186,1,6.22168,48.54861,200752,Gay,Rudy,1610612758,8.07241,39.95057,8.794969777,203,203,NA,23.56864856,14.51042262,Left
1695,26,21500556,1713.44,2,273.44,20,201158,Belinelli,Marco,1610612758,206,0,70.95085,42.60472,203084,Barnes,Harrison,1610612744,70.95911,32.19658,10.40814328,196,203,NA,25.03469407,45.26918175,Right
1723,54,21500556,71.92,4,71.92,15.35,201158,Belinelli,Marco,1610612758,549,1,6.54236,0.70768,203084,Barnes,Harrison,1610612744,6.26403,15.03364,14.32866349,196,203,NA,24.32667271,1.932261491,Right
1752,27,21500568,864.71,3,144.71,20,201609,Dragic,Goran,1610612748,372,0,71.02736,14.40263,203084,Barnes,Harrison,1610612744,69.90703,8.84379,5.670612088,190,203,NA,20.64936366,132.2723559,Right
1753,28,21500568,861.54,3,141.54,23,203084,Barnes,Harrison,1610612744,367,0,74.89819,10.43778,1626159,Winslow,Justise,1610612748,79.34605,22.70287,13.04668124,203,201,NA,20.09803203,23.63491712,Left
1759,34,21500568,368.59,4,368.59,7.28,203084,Barnes,Harrison,1610612744,446,0,80.76423,2.76921,204020,Johnson,Tyler,1610612748,88.59542,13.90665,13.6150691,203,193,NA,23.62161185,15.35326053,Left
1784,19,21500583,1636.67,2,196.67,21.41,203084,Barnes,Harrison,1610612744,258,1,86.59122,47.5386,203994,Nurkic,Jusuf,1610612743,85.60424,39.56509,8.034363151,203,213,NA,22.64174951,12.52749766,Right
1785,20,21500583,1584.59,2,144.59,9.03,203084,Barnes,Harrison,1610612744,270,1,71.66276,42.68119,201568,Gallinari,Danilo,1610612743,77.57919,37.94631,7.577811858,203,208,NA,24.58857968,7.308632258,Right
1800,35,21500583,869.7,3,149.7,8.8,203084,Barnes,Harrison,1610612744,391,0,4.77598,47.50486,201568,Gallinari,Danilo,1610612743,14.73665,38.1382,13.6729392,203,208,NA,22.50985159,45.55374281,Left
1804,39,21500583,474.08,4,474.08,19.79,1626144,Mudiay,Emmanuel,1610612743,482,0,71.26004,6.88408,203084,Barnes,Harrison,1610612744,69.61336,13.55983,6.875841264,196,203,NA,25.18104959,57.84914111,Left
1807,42,21500583,183.91,4,183.91,12.28,203084,Barnes,Harrison,1610612744,531,0,6.46823,2.03571,203914,Harris,Gary,1610612743,20.75184,11.59223,17.18570886,203,193,NA,22.99658017,59.25193327,Right
1812,1,21500592,2833.27,1,673.27,10,201575,Rush,Brandon,1610612744,9,0,26.06399,39.2481,1626204,Nance Jr.,Larry,1610612747,15.83213,40.30314,10.28611046,198,206,NA,25.22361063,40.28051816,Right
1814,3,21500592,2757.25,1,597.25,20.5,202691,Thompson,Klay,1610612744,19,1,24.99465,9.09931,101150,Williams,Lou,1610612747,19.86314,13.92163,7.041815466,201,185,NA,25.35119615,4.375764272,Right
1816,5,21500592,2717.73,1,557.73,19,201939,Curry,Stephen,1610612744,26,0,26.34049,41.19546,101150,Williams,Lou,1610612747,21.63486,37.92985,5.727753693,190,185,NA,26.59138381,2.760933777,Left
1817,6,21500592,2662.19,1,502.19,22,202691,Thompson,Klay,1610612744,29,0,19.95895,46.0126,101150,Williams,Lou,1610612747,17.13401,41.28577,5.506651238,201,185,NA,25.6492216,4.128054071,Left
1818,7,21500592,2650.66,1,490.66,14.73,101150,Williams,Lou,1610612747,33,0,64.78579,18.90447,101106,Bogut,Andrew,1610612744,71.50408,20.27925,6.857509794,185,213,NA,24.72728952,2.70618777,Left
1819,8,21500592,2646.75,1,486.75,21.88,101150,Williams,Lou,1610612747,34,0,36.6219,17.55307,101106,Bogut,Andrew,1610612744,24.4286,10.12688,14.27672451,185,213,NA,32.24364862,44.6965091,Left
1821,10,21500592,2552.92,1,392.92,4.76,101150,Williams,Lou,1610612747,47,0,75.72119,3.04414,203110,Green,Draymond,1610612744,77.25221,8.96309,6.113754276,185,201,NA,25.53056361,16.18278568,Left
1824,13,21500592,2428.89,1,268.89,13.96,202691,Thompson,Klay,1610612744,70,0,26.9727,39.53495,101150,Williams,Lou,1610612747,25.52158,35.46562,4.320323588,201,185,NA,26.13695596,36.5867926,Left
1826,15,21500592,2405.72,1,245.72,14,201939,Curry,Stephen,1610612744,73,0,10.74801,2.75576,101150,Williams,Lou,1610612747,12.07842,9.30852,6.68645305,190,185,NA,22.91362754,25.3600835,Right
1831,20,21500592,1958.48,2,518.48,17.52,203084,Barnes,Harrison,1610612744,169,0,29.9401,18.66895,203944,Randle,Julius,1610612747,12.6489,22.8999,17.80130712,203,206,NA,25.48888448,0.6325119952,Right
1835,24,21500592,1652.19,2,212.19,11.91,203110,Green,Draymond,1610612744,236,0,19.12944,45.63664,1626204,Nance Jr.,Larry,1610612747,16.55512,36.81589,9.188729729,201,206,NA,24.86985656,17.65352645,Left
1836,25,21500592,1640.22,2,200.22,17.97,101150,Williams,Lou,1610612747,240,0,83.63523,47.63435,101106,Bogut,Andrew,1610612744,95.62295,52.3169,12.86979818,185,213,NA,23.20505704,98.60274597,Left
1841,30,21500592,1395.86,3,675.86,19.06,202691,Thompson,Klay,1610612744,292,1,85.7791,2.3165,101150,Williams,Lou,1610612747,84.86526,9.03985,6.785170504,201,185,NA,22.8772249,15.20189196,Left
1842,31,21500592,1314.86,3,594.86,12,201575,Rush,Brandon,1610612744,309,1,89.05564,2.95417,101150,Williams,Lou,1610612747,85.79092,10.03126,7.793818034,198,185,NA,22.04794857,23.96997677,Left
1847,36,21500592,1051.56,3,331.56,20.65,201939,Curry,Stephen,1610612744,346,1,64.45777,31.86278,101150,Williams,Lou,1610612747,70.73385,30.97556,6.338480851,190,185,NA,25.24302255,7.729158723,Right
1849,38,21500592,1005.16,3,285.16,14,101150,Williams,Lou,1610612747,354,1,29.57796,32.25593,202691,Thompson,Klay,1610612744,25.3554,29.65416,4.959760084,185,201,NA,25.38696827,15.03222709,Left
1851,40,21500592,968.89,3,248.89,12.75,101150,Williams,Lou,1610612747,359,0,30.42088,26.8706,202691,Thompson,Klay,1610612744,27.72486,23.27329,4.495460274,185,201,NA,25.24029208,48.89993016,Left
1852,41,21500592,964,3,244,21,101150,Williams,Lou,1610612747,363,0,8.91544,47.61344,NA,NA,NA,NA,NA,NA,999,185,NA,NA,22.90858178,NA,NA
1863,52,21500592,125.66,4,125.66,14.35,203084,Barnes,Harrison,1610612744,509,1,62.24717,20.82149,203527,Kelly,Ryan,1610612747,70.95685,22.86006,8.945070897,203,211,NA,26.83020581,4.213731159,Left
1864,53,21500592,57.82,4,57.82,20,203084,Barnes,Harrison,1610612744,519,0,67.48516,9.0353,1626148,Brown,Anthony,1610612747,71.92574,14.10511,6.739564094,203,206,NA,26.59069511,11.88770914,Left
1867,1,21500622,2773.23,1,613.23,18.05,202691,Thompson,Klay,1610612744,2,1,69.46416,41.26136,2747,Smith,J.R.,1610612739,72.17019,36.25845,5.687856084,201,198,NA,25.22648318,21.45464693,Right
1868,2,21500622,2679.49,1,519.49,11.53,2544,James,LeBron,1610612739,17,0,30.35096,23.52422,203084,Barnes,Harrison,1610612744,25.06285,33.93057,11.67288429,203,203,NA,25.14430591,59.69729885,Right
1870,4,21500622,2617.38,1,457.38,11.87,203084,Barnes,Harrison,1610612744,34,1,88.34389,1.99388,2544,James,LeBron,1610612739,85.89195,26.97364,25.09980915,203,203,NA,23.0097041,6.617322349,Left
1874,8,21500622,2171.84,1,11.84,6.64,203084,Barnes,Harrison,1610612744,95,0,86.57043,47.60519,2544,James,LeBron,1610612739,86.69621,42.06579,5.540827823,203,203,NA,22.7100229,4.206618559,Right
1877,11,21500622,1662.33,2,222.33,19.99,202691,Thompson,Klay,1610612744,180,0,79.12962,47.25381,2747,Smith,J.R.,1610612739,66.40242,35.86466,17.07906196,201,198,NA,24.24425233,71.5546458,Right
1879,13,21500622,1482.16,2,42.16,17.02,201567,Love,Kevin,1610612739,233,1,30.02131,25.15159,203084,Barnes,Harrison,1610612744,25.47899,32.54635,8.678429952,208,203,NA,24.77177383,58.78979673,Right
1882,16,21500622,1320.53,3,600.53,1.73,2544,James,LeBron,1610612739,269,0,63.42053,22.52005,203084,Barnes,Harrison,1610612744,68.39232,26.22243,6.198896149,203,203,NA,25.45058354,31.08234972,Left
1886,20,21500622,1257.5,3,537.5,19.84,2544,James,LeBron,1610612739,286,0,70.78077,6.48208,203084,Barnes,Harrison,1610612744,76.77523,11.64587,7.911907346,203,203,NA,25.80322825,5.119043585,Left
1890,24,21500622,1103.83,3,383.83,13.9,203084,Barnes,Harrison,1610612744,306,0,4.65248,47.63372,201567,Love,Kevin,1610612739,7.26832,39.44646,8.594989541,203,208,NA,22.64160576,16.20651575,Left
1893,27,21500622,855.74,3,135.74,13.04,2738,Iguodala,Andre,1610612744,379,1,4.95104,47.43588,2592,Jones,James,1610612739,9.0495,39.71468,8.741527545,198,203,NA,22.43787175,27.19620897,Left
1900,34,21500622,542.75,4,542.75,16.66,203084,Barnes,Harrison,1610612744,426,0,7.73421,2.22641,203521,Dellavedova,Matthew,1610612739,9.2594,11.35109,9.251269623,203,193,NA,22.90868178,15.71464046,Right
1901,35,21500622,469.51,4,469.51,4.65,203084,Barnes,Harrison,1610612744,440,1,28.39008,34.49162,2210,Jefferson,Richard,1610612739,21.5269,29.88366,8.266591503,203,201,NA,25.0110806,11.57502771,Left
1906,40,21500622,204.51,4,204.51,16.18,2592,Jones,James,1610612739,497,0,74.89254,46.29631,201578,Speights,Marreese,1610612744,78.90187,38.25527,8.985157279,203,208,NA,25.40791249,6.550731913,Right
1908,42,21500622,103.7,4,103.7,5.8,2592,Jones,James,1610612739,525,0,79.4556,2.80332,201578,Speights,Marreese,1610612744,79.95111,7.88818,5.10894621,203,208,NA,24.06404942,17.15469643,Left
1915,4,21500634,2770.27,1,610.27,20.69,203084,Barnes,Harrison,1610612744,12,0,10.44337,47.42065,201565,Rose,Derrick,1610612741,31.41697,38.17832,22.9196981,203,190,NA,23.01427032,79.26020926,Left
1916,5,21500634,2720.33,1,560.33,2.35,203503,Snell,Tony,1610612741,19,0,78.1467,3.7372,203084,Barnes,Harrison,1610612744,78.28657,8.37667,4.64157791,201,203,NA,23.75997969,24.77762249,Left
1917,6,21500634,2713.5,1,553.5,19.29,203503,Snell,Tony,1610612741,20,0,14.93972,12.95197,203084,Barnes,Harrison,1610612744,17.75187,5.64563,7.828843581,201,203,NA,15.46110282,162.2430579,Left
1926,15,21500634,2134.49,2,694.49,15.55,203084,Barnes,Harrison,1610612744,129,1,24.51076,8.15152,202703,Mirotic,Nikola,1610612741,19.6323,15.97231,9.21759883,203,208,NA,25.59000106,16.8668391,Right
1934,23,21500634,1540.28,2,100.28,15.11,203503,Snell,Tony,1610612741,249,0,83.26948,3.22609,203084,Barnes,Harrison,1610612744,90.48911,17.14115,15.67647767,201,203,NA,22.45304559,13.2939499,Left
1935,24,21500634,1500.45,2,60.45,5.44,203503,Snell,Tony,1610612741,260,0,88.13263,39.49519,203084,Barnes,Harrison,1610612744,85.50016,31.91632,8.023039871,201,203,NA,14.50833136,21.59316175,Right
1938,27,21500634,1134.16,3,414.16,8.95,203084,Barnes,Harrison,1610612744,324,0,89.81296,45.16074,203926,McDermott,Doug,1610612741,81.40986,31.36049,16.15732,203,203,NA,20.18874244,28.31953933,Right
1944,33,21500634,873.43,3,153.43,15,203084,Barnes,Harrison,1610612744,373,1,63.95774,24.17396,202703,Mirotic,Nikola,1610612741,73.85268,15.90627,12.89436061,203,208,NA,24.80601737,41.78865249,Right
1946,35,21500634,837.59,3,117.59,11.17,202703,Mirotic,Nikola,1610612741,378,0,5.86868,2.92822,203084,Barnes,Harrison,1610612744,9.03658,3.92151,3.319972204,208,203,NA,22.08044921,74.1968677,Right
1949,38,21500634,591.47,4,591.47,12.16,201565,Rose,Derrick,1610612741,443,0,19.84684,43.83933,203084,Barnes,Harrison,1610612744,16.07779,37.35817,7.497411076,190,203,NA,23.83250077,7.589077234,Left
1954,43,21500634,267.28,4,267.28,8.76,203084,Barnes,Harrison,1610612744,511,1,86.80617,45.65927,203926,McDermott,Doug,1610612741,82.18134,36.62727,10.14722014,203,203,NA,20.75051595,32.48982133,Right