"","X","match_id","match_clock","quarter","quarter_clock","shot_clock","shooter_id","shooter_lastname","shooter_firstname","shooter_team_id","event_id","shot_outcome","shooter_X","shooter_Y","defender_id","defender_lastname","defender_firstname","defender_team_id","defender_X","defender_Y","distance","shooter_height","defender_height","height_difference","shot_dist","def_angle","LeftOrRight"
"1",2,21500003,2791.81,1,631.81,18.38,201939,"Curry","Stephen",1610612744,9,0,29.25529,38.54671,203076,"Davis","Anthony",1610612740,23.46322,35.95925,6.343738971,190,208,-18,27.56387672,5.365498119,"Left"
"3",10,21500003,2399.56,1,239.56,16.13,201939,"Curry","Stephen",1610612744,69,1,23.78807,8.85783,203076,"Davis","Anthony",1610612740,19.49169,14.61139,7.180691734,190,208,-18,24.58108402,12.20207025,"Right"
"18",5,21500035,2625.41,1,465.41,16.07,201939,"Curry","Stephen",1610612744,43,1,65.15467,45.19771,203076,"Davis","Anthony",1610612740,69.97414,39.85768,7.193275435,190,208,-18,31.05941221,7.369522321,"Right"
"21",29,21500035,1274.92,3,554.92,3.79,201939,"Curry","Stephen",1610612744,351,1,29.12455,38.70614,203076,"Davis","Anthony",1610612740,24.0351,35.7321,5.894693819,190,208,-18,27.52911934,0.4403448127,"Left"
"22",31,21500035,1183.21,3,463.21,18.16,201939,"Curry","Stephen",1610612744,363,1,28.37269,38.08932,203076,"Davis","Anthony",1610612740,22.26182,33.39112,7.708165501,190,208,-18,26.57045523,8.040659762,"Left"
"34",27,21500051,1053.47,3,333.47,17.89,201939,"Curry","Stephen",1610612744,341,1,79.87142,47.39061,2440,"Barnes","Matt",1610612763,88.96789,45.73868,9.245249547,190,201,-11,24.08668925,58.07730677,"Right"
"45",13,21500069,1916.34,2,476.34,24,201939,"Curry","Stephen",1610612744,202,1,32.07122,18.36314,200755,"Redick","JJ",1610612746,19.15241,22.16596,13.46688872,190,193,-3,27.6301602,2.503930406,"Right"
"76",8,21500104,1887.37,2,447.37,16.22,201939,"Curry","Stephen",1610612744,159,1,16.8684,47.28699,202694,"Morris","Marcus",1610612765,18.19831,42.59662,4.87526731,190,206,-16,25.13358593,43.36360223,"Left"
"77",11,21500104,1691.12,2,251.12,18.05,201939,"Curry","Stephen",1610612744,192,0,18.25392,4.59077,1626169,"Johnson","Stanley",1610612765,21.57854,11.46553,7.636453575,190,201,-11,24.19997117,58.31192384,"Right"
"103",1,21500144,2814.71,1,654.71,7.12,201939,"Curry","Stephen",1610612744,8,0,84.34259,2.06118,2207,"Johnson","Joe",1610612751,81.30337,9.11732,7.682836059,190,201,-11,23.35839733,34.1786362,"Left"
"119",16,21500177,2044.09,2,604.09,15.74,201939,"Curry","Stephen",1610612744,134,0,69.22591,40.26181,2746,"Smith","Josh",1610612746,73.80985,37.5949,5.303292833,190,206,-16,24.78130212,7.823828886,"Right"
"121",20,21500177,1847.6,2,407.6,16.15,201939,"Curry","Stephen",1610612744,172,0,63.58716,20.71796,2746,"Smith","Josh",1610612746,69.62329,24.64591,7.201642631,190,206,-16,25.5245839,23.39596741,"Left"
"157",15,21500236,2225.76,1,65.76,20.76,201939,"Curry","Stephen",1610612744,112,0,66.90239,40.98962,203933,"Warren","TJ",1610612756,70.94719,39.37517,4.355095388,190,203,-13,27.07371438,14.44027094,"Right"
"165",41,21500236,1075.19,3,355.19,16.68,201939,"Curry","Stephen",1610612744,337,0,28.86494,32.46698,202693,"Morris","Markieff",1610612756,23.29872,30.77908,5.81651197,190,208,-18,24.76734103,0.6774159485,"Left"
"166",42,21500236,1053.64,3,333.64,22.33,201939,"Curry","Stephen",1610612744,340,1,11.78582,2.12142,203933,"Warren","TJ",1610612756,8.41726,9.18841,7.828763896,190,203,-13,23.79383042,9.542054281,"Right"
"172",1,21500268,2805.19,1,645.19,7.65,201939,"Curry","Stephen",1610612744,15,0,87.54724,1.71346,202689,"Walker","Kemba",1610612766,88.00082,4.84723,3.166425308,190,185,5,23.31758085,5.279038347,"Left"
"177",15,21500268,2483.32,1,323.32,19.71,201939,"Curry","Stephen",1610612744,63,1,59.05399,24.39843,202689,"Walker","Kemba",1610612766,63.51453,24.83401,4.481757136,190,185,5,29.70210256,4.416839142,"Left"
"179",22,21500268,2199.48,1,39.48,13.38,201939,"Curry","Stephen",1610612744,119,0,64.27148,21.71025,202689,"Walker","Kemba",1610612766,63.73491,24.07376,2.42365156,190,185,5,24.69859098,95.13632574,"Left"
"181",31,21500268,1580.66,2,140.66,15.92,201939,"Curry","Stephen",1610612744,236,1,81.81038,47.02014,202689,"Walker","Kemba",1610612766,80.75348,41.97035,5.159206979,190,185,5,23.08776497,29.31331327,"Right"
"184",46,21500268,835.98,3,115.98,12.02,201939,"Curry","Stephen",1610612744,358,1,29.19145,30.13337,202689,"Walker","Kemba",1610612766,27.07326,28.83513,2.484382413,190,185,5,24.48559813,19.40240205,"Left"
"185",48,21500268,755.13,3,35.13,16.09,201939,"Curry","Stephen",1610612744,364,1,30.64096,32.03242,202689,"Walker","Kemba",1610612766,26.16021,27.44822,6.410305001,190,185,5,26.34683626,30.17294023,"Left"
"186",49,21500268,725.07,3,5.07,NA,201939,"Curry","Stephen",1610612744,368,1,30.3955,7.76533,202689,"Walker","Kemba",1610612766,27.02472,11.61882,5.119720987,190,185,5,30.48491463,14.39604406,"Right"
"188",3,21500300,2620.72,1,460.72,8.85,201939,"Curry","Stephen",1610612744,40,1,81.52026,2.00876,2207,"Johnson","Joe",1610612751,78.00099,10.45417,9.149328467,190,201,-11,24.10116713,40.07796594,"Left"
"200",24,21500314,1672.95,2,232.95,20.67,201939,"Curry","Stephen",1610612744,223,0,73.33849,44.66988,101139,"Miles","CJ",1610612754,80.73221,38.54156,9.603301592,190,198,-8,24.98837369,12.26721458,"Right"
"205",33,21500314,1447.94,2,7.94,4.44,201939,"Curry","Stephen",1610612744,264,0,70.70768,42.37348,101139,"Miles","CJ",1610612754,72.04939,38.40907,4.185299556,190,198,-8,25.04721778,27.38411083,"Right"
"213",7,21500336,2627.94,1,467.94,22.38,201939,"Curry","Stephen",1610612744,33,0,64.24119,40.88638,202738,"Thomas","Isaiah",1610612738,68.92757,38.1494,5.427081815,190,175,15,29.20717099,2.664776734,"Right"
"272",5,21500493,2661.11,1,501.11,18.85,201939,"Curry","Stephen",1610612744,25,0,21.65618,45.75494,202689,"Walker","Kemba",1610612766,18.36147,40.6128,6.107103877,190,185,5,26.45619543,5.676551149,"Left"
"274",7,21500493,2559.59,1,399.59,18.4,201939,"Curry","Stephen",1610612744,41,0,3.64659,2.17165,203798,"Hairston","PJ",1610612766,3.5767,7.04276,4.87161136,190,196,-6,22.88459061,4.839738887,"Right"
"275",8,21500493,2554.93,1,394.93,20.71,201939,"Curry","Stephen",1610612744,43,1,22.34847,5.8262,203798,"Hairston","PJ",1610612766,15.18441,10.6944,8.661589168,190,196,-6,25.69031496,14.07730858,"Right"
"281",33,21500493,1143.34,3,423.34,11.27,201939,"Curry","Stephen",1610612744,269,0,65.4571,34.08484,202689,"Walker","Kemba",1610612766,68.7997,36.90528,4.373540506,190,185,5,25.00187009,61.46429751,"Left"
"282",36,21500493,1038.97,3,318.97,17.73,201939,"Curry","Stephen",1610612744,281,0,76.79474,46.57014,202689,"Walker","Kemba",1610612766,75.06542,42.39081,4.522979871,190,185,5,24.66169462,51.4761882,"Right"
"286",47,21500493,188.62,4,188.62,4.74,201939,"Curry","Stephen",1610612744,421,0,69.37026,43.0982,202689,"Walker","Kemba",1610612766,70.03417,39.95792,3.209693905,190,185,5,26.51639428,35.02089762,"Right"
"287",48,21500493,44.51,4,44.51,9.71,201939,"Curry","Stephen",1610612744,449,0,70.29658,41.08904,202689,"Walker","Kemba",1610612766,71.91717,36.48984,4.876366741,190,185,5,24.48235932,29.50510817,"Right"
"290",5,21500493,2661.11,1,501.11,18.85,201939,"Curry","Stephen",1610612744,25,0,21.65618,45.75494,202689,"Walker","Kemba",1610612766,18.36147,40.6128,6.107103877,190,185,5,26.45619543,5.676551149,"Left"
"292",7,21500493,2559.59,1,399.59,18.4,201939,"Curry","Stephen",1610612744,41,0,3.64659,2.17165,203798,"Hairston","PJ",1610612766,3.5767,7.04276,4.87161136,190,196,-6,22.88459061,4.839738887,"Right"
"293",8,21500493,2554.93,1,394.93,20.71,201939,"Curry","Stephen",1610612744,43,0,22.34847,5.8262,203798,"Hairston","PJ",1610612766,15.18441,10.6944,8.661589168,190,196,-6,25.69031496,14.07730858,"Right"
"299",33,21500493,1143.34,3,423.34,11.27,201939,"Curry","Stephen",1610612744,269,1,65.4571,34.08484,202689,"Walker","Kemba",1610612766,68.7997,36.90528,4.373540506,190,185,5,25.00187009,61.46429751,"Left"
"300",36,21500493,1038.97,3,318.97,17.73,201939,"Curry","Stephen",1610612744,281,1,76.79474,46.57014,202689,"Walker","Kemba",1610612766,75.06542,42.39081,4.522979871,190,185,5,24.66169462,51.4761882,"Right"
"304",47,21500493,188.62,4,188.62,4.74,201939,"Curry","Stephen",1610612744,421,0,69.37026,43.0982,202689,"Walker","Kemba",1610612766,70.03417,39.95792,3.209693905,190,185,5,26.51639428,35.02089762,"Right"
"305",48,21500493,44.51,4,44.51,9.71,201939,"Curry","Stephen",1610612744,449,0,70.29658,41.08904,202689,"Walker","Kemba",1610612766,71.91717,36.48984,4.876366741,190,185,5,24.48235932,29.50510817,"Right"
"308",3,21500524,2798.68,1,638.68,21.06,201939,"Curry","Stephen",1610612744,12,0,73.33573,44.43748,1626204,"Nance Jr.","Larry",1610612747,77.37775,39.1872,6.625961497,190,206,-16,24.80756635,0.8235417734,"Right"
"313",11,21500524,2403.2,1,243.2,16.08,201939,"Curry","Stephen",1610612744,92,1,84.00233,0.8166,1626204,"Nance Jr.","Larry",1610612747,84.86205,6.57024,5.817515941,190,206,-16,24.64502396,2.608645628,"Left"
"347",5,21500592,2717.73,1,557.73,19,201939,"Curry","Stephen",1610612744,26,0,26.34049,41.19546,101150,"Williams","Lou",1610612747,21.63486,37.92985,5.727753693,190,185,5,26.59138381,2.760933777,"Left"
"353",15,21500592,2405.72,1,245.72,14,201939,"Curry","Stephen",1610612744,73,0,10.74801,2.75576,101150,"Williams","Lou",1610612747,12.07842,9.30852,6.68645305,190,185,5,22.91362754,25.3600835,"Right"
"359",36,21500592,1051.56,3,331.56,20.65,201939,"Curry","Stephen",1610612744,346,1,64.45777,31.86278,101150,"Williams","Lou",1610612747,70.73385,30.97556,6.338480851,190,185,5,25.24302255,7.729158723,"Right"
"423",4,21500003,2717.18,1,557.18,19.9,201939,"Curry","Stephen",1610612744,20,1,32.06145,34.13058,101126,"Robinson","Nate",1610612740,26.70344,30.38306,6.53851491628642,190,175,15,28.3235121804994,16.1636970891901,"Left"
"711",7,21500003,2570.8,1,410.8,19,201939,"Curry","Stephen",1610612744,38,1,28.15562,14.42516,202397,"Smith","Ish",1610612740,31.12869,18.8916,5.36546656857537,190,183,7,25.2288459627071,98.8682225250983,"Right"
"944",9,21500003,2465.26,1,305.26,20.11,201939,"Curry","Stephen",1610612744,55,1,29.29856,39.24411,202397,"Smith","Ish",1610612740,25.18983,35.80489,5.35816166434907,190,183,7,27.9504545180521,9.29255859073024,"Left"
"1212",12,21500003,2349.33,1,189.33,10.74,201939,"Curry","Stephen",1610612744,85,0,30.45367,30.92155,201582,"Ajinca","Alexis",1610612740,19.93747,27.13287,11.1778601969429,190,218,-28,25.8899543427832,6.59088806490007,"Left"
"1812",18,21500003,1805.51,2,365.51,10.24,201939,"Curry","Stephen",1610612744,209,0,15.35994,3.29338,101126,"Robinson","Nate",1610612740,17.36246,4.63149,2.40844861321557,190,175,15,23.9455264846693,81.2225638152172,"Right"
"2510",25,21500003,1573.49,2,133.49,9.86,201939,"Curry","Stephen",1610612744,253,0,15.03069,3.16369,202397,"Smith","Ish",1610612740,16.21706,10.25535,7.19020968626785,190,183,7,23.9266865924265,33.6251759337358,"Right"
"2610",26,21500003,1518.95,2,78.95,8.25,201939,"Curry","Stephen",1610612744,262,0,10.92927,2.53141,201583,"Anderson","Ryan",1610612740,9.63463,7.75675,5.38333268944062,190,208,-18,23.175237740334,0.269754667339216,"Right"
"3110",31,21500003,1042.68,3,322.68,6.85,201939,"Curry","Stephen",1610612744,364,0,69.20041,41.17906,201583,"Anderson","Ryan",1610612740,71.07152,35.23465,6.23193893424831,190,208,-18,25.3761394158312,32.9168236219255,"Right"
"3310",33,21500003,926.16,3,206.16,20.82,201939,"Curry","Stephen",1610612744,397,1,66.41861,36.71151,201583,"Anderson","Ryan",1610612740,76.47408,32.27657,10.9900486679769,190,208,-18,25.2160751468622,3.87462809192708,"Right"
"503",7,21500035,2551.37,1,391.37,18.91,201939,"Curry","Stephen",1610612744,57,0,60.85392,27.07319,202397,"Smith","Ish",1610612740,66.29673,32.43159,7.63784205493279,190,183,7,27.9730119247553,48.8025631723913,"Left"
"516",8,21500035,2404.94,1,244.94,19.79,201939,"Curry","Stephen",1610612744,100,1,63.82124,37.70281,201962,"Douglas","Toney",1610612740,66.73722,34.29684,4.4837005922898,190,188,2,27.9786428733364,22.4301407388283,"Right"
"532",10,21500035,2288.98,1,128.98,16.3,201939,"Curry","Stephen",1610612744,121,0,63.03265,34.73915,202397,"Smith","Ish",1610612740,66.1785,32.57287,3.81957343965266,190,183,7,27.4996933391084,13.810230772938,"Right"
"709",27,21500035,1315.77,3,595.77,19.19,201939,"Curry","Stephen",1610612744,346,0,31.50099,31.78934,201950,"Holiday","Jrue",1610612740,27.44124,35.63163,5.5897014684686,190,193,-3,27.114749005213,57.9244098320236,"Right"
"731",30,21500035,1211.79,3,491.79,11.12,201939,"Curry","Stephen",1610612744,360,1,16.29373,47.35317,202337,"Babbitt","Luke",1610612740,14.29686,42.09358,5.62590230674156,190,206,-16,24.9324724277758,5.50207579936232,"Left"
"817",38,21500035,760.54,3,40.54,18.28,201939,"Curry","Stephen",1610612744,420,1,21.81723,3.416,202087,"Gee","Alonzo",1610612740,22.975,6.90328,3.67444596793857,190,198,-8,27.20922942446,55.8748245329641,"Right"
"8210",39,21500035,733.02,3,13.02,6.8,201939,"Curry","Stephen",1610612744,427,0,31.40253,19.3832,201962,"Douglas","Toney",1610612740,31.60147,20.66996,1.30204777992207,190,188,2,26.7488928301883,86.6673232121609,"Right"
"881",45,21500035,134.3,4,134.3,6.46,201939,"Curry","Stephen",1610612744,555,1,31.65574,35.76289,202337,"Babbitt","Luke",1610612740,28.00201,33.15353,4.48982210365845,190,206,-16,28.5149593389102,13.3573922059639,"Left"
"974",4,21500051,2648.64,1,488.64,18.29,201939,"Curry","Stephen",1610612744,32,0,28.96831,18.25067,201144,"Conley","Mike",1610612763,29.22218,16.14217,2.12372837879518,190,185,5,24.6599206143288,112.749881658694,"Left"
"9810",5,21500051,2538.5,1,378.5,18.98,201939,"Curry","Stephen",1610612744,46,0,24.10209,43.01778,201584,"Lee","Courtney",1610612763,21.53995,36.90362,6.62929211041421,190,196,-6,26.0776090448588,23.5601656450439,"Left"
"1041",11,21500051,2222.06,1,62.06,16,201939,"Curry","Stephen",1610612744,108,0,25.48145,11.1337,203210,"Green","JaMychal",1610612763,23.16919,14.3308,3.94562982521169,190,206,-16,24.527246987636,19.6980737836503,"Right"
"1091",16,21500051,1611.83,2,171.83,13.05,201939,"Curry","Stephen",1610612744,228,0,20.70872,2.9435,2754,"Allen","Tony",1610612763,18.01408,11.45271,8.92567866067897,190,193,-3,26.93438724546,17.4538211602036,"Right"
"1164",23,21500051,1268.44,3,548.44,15.27,201939,"Curry","Stephen",1610612744,297,1,72.14334,7.87177,201144,"Conley","Mike",1610612763,73.15662,12.24874,4.49272776153864,190,185,5,23.8570203355008,31.0797236564021,"Left"
"12110",28,21500051,1021.96,3,301.96,18.26,201939,"Curry","Stephen",1610612744,346,1,89.90848,46.53209,201144,"Conley","Mike",1610612763,88.06973,43.69448,3.38127669299629,190,185,5,21.5632320322928,29.8632487093908,"Right"
"14810",10,21500069,2025.13,2,585.13,16.4,201939,"Curry","Stephen",1610612744,165,1,31.15086,31.815,203085,"Rivers","Austin",1610612746,28.43209,23.38465,8.85790671859893,190,193,-3,26.7824340518109,57.384137369741,"Left"
"15310",15,21500069,1800,2,360,15.02,201939,"Curry","Stephen",1610612744,221,0,3.82879,47.35031,101108,"Paul","Chris",1610612746,5.38359,37.14831,10.3197968507137,190,183,7,22.3954503183169,5.02686390748923,"Left"
"1592",21,21500069,1571.05,2,131.05,15.4,201939,"Curry","Stephen",1610612744,248,1,29.55383,15.55867,201933,"Griffin","Blake",1610612746,26.08042,20.33116,5.90264667993943,190,208,-18,26.0732595744721,32.7232385727878,"Right"
"1635",25,21500069,1192.39,3,472.39,16.41,201939,"Curry","Stephen",1610612744,318,0,64.1225,38.27529,201933,"Griffin","Blake",1610612746,68.44647,34.49974,5.74033922023777,190,208,-18,27.9776174974586,12.7998128063366,"Right"
"16710",29,21500069,878.32,3,158.32,12.38,201939,"Curry","Stephen",1610612744,370,0,72.619,43.52412,202362,"Stephenson","Lance",1610612746,73.00679,36.4371,7.09762168366982,190,196,-6,24.5632282645095,37.9176866657636,"Right"
"1752",37,21500069,335.05,4,335.05,15.86,201939,"Curry","Stephen",1610612744,472,1,68.01812,10.8961,201599,"Jordan","DeAndre",1610612746,72.71515,15.33055,6.45960042288995,190,211,-21,25.0745058484589,9.12542868912631,"Left"
"17610",38,21500069,299.42,4,299.42,16.73,201939,"Curry","Stephen",1610612744,480,1,64.61154,26.74645,201599,"Jordan","DeAndre",1610612746,67.40847,27.64691,2.93830659334589,190,211,-21,24.2015565361838,21.9839631437667,"Left"
"1814",43,21500069,69.61,4,69.61,16.01,201939,"Curry","Stephen",1610612744,524,1,61.30828,19.28808,201599,"Jordan","DeAndre",1610612746,67.36145,19.72669,6.06903993898541,190,211,-21,28.0298773926109,7.61368959462359,"Left"
"1851",3,21500083,2661.77,1,501.77,24,201939,"Curry","Stephen",1610612744,37,0,22.13917,4.94167,1626144,"Mudiay","Emmanuel",1610612743,15.12517,7.27271,7.39120717350014,190,196,-6,26.2217593932558,31.5187631525385,"Right"
"1863",4,21500083,2499.89,1,339.89,11.09,201939,"Curry","Stephen",1610612744,58,1,7.67656,2.73384,2749,"Nelson","Jameer",1610612743,10.38094,5.44523,3.82953090031925,190,183,7,22.3979926461993,51.1453717586007,"Right"
"1882",6,21500083,2475.46,1,315.46,15.72,201939,"Curry","Stephen",1610612744,65,0,11.49765,1.96128,203914,"Harris","Gary",1610612743,11.23677,8.84153,6.88519414663813,190,193,-3,23.8708137641116,13.0011377375571,"Right"
"1893",7,21500083,2412.42,1,252.42,19.11,201939,"Curry","Stephen",1610612744,73,1,32.4276,35.0695,201568,"Gallinari","Danilo",1610612743,27.84466,31.38023,5.88337081752459,190,208,-18,28.9830428355961,18.5040528662872,"Left"
"1901",8,21500083,2336.06,1,176.06,6.68,201939,"Curry","Stephen",1610612744,93,1,29.0469,31.06472,200751,"Foye","Randy",1610612743,35.53419,29.4594,6.68296220597573,190,193,-3,24.5575503315864,151.803352187088,"Left"
"1944",12,21500083,2169.49,1,9.49,2.45,201939,"Curry","Stephen",1610612744,133,1,21.5971,5.7177,203914,"Harris","Gary",1610612743,15.52985,6.50428,6.11802506197057,190,193,-3,25.2791370837693,42.3226429235455,"Right"
"2081",26,21500083,1509.67,2,69.67,18.05,201939,"Curry","Stephen",1610612744,276,1,17.09164,4.13537,201568,"Gallinari","Danilo",1610612743,13.74594,2.52131,3.71468682039281,190,208,-18,23.9907737042076,86.1770621136499,"Left"
"2111",29,21500083,1467.55,2,27.55,13.43,201939,"Curry","Stephen",1610612744,280,1,16.51473,47.96757,203115,"Barton","Will",1610612743,13.23404,43.67625,5.40169919733596,190,198,-8,25.5813098507055,11.2714938666184,"Left"
"2151",33,21500083,1366.15,3,646.15,20.57,201939,"Curry","Stephen",1610612744,294,0,65.05396,11.46716,1626144,"Mudiay","Emmanuel",1610612743,69.44373,14.46857,5.3177572942924,190,196,-6,27.2880939266047,4.63077621597203,"Left"
"2181",36,21500083,1086.8,3,366.8,11.02,201939,"Curry","Stephen",1610612744,345,0,81.94656,48.17725,1626144,"Mudiay","Emmanuel",1610612743,83.22861,42.98589,5.34732370930543,190,196,-6,24.1551591465695,2.48694399105154,"Right"
"2191",37,21500083,1082.87,3,362.87,22.11,201939,"Curry","Stephen",1610612744,343,0,89.66917,47.4124,1626144,"Mudiay","Emmanuel",1610612743,86.41767,42.94564,5.52487078107714,190,196,-6,22.4312404304555,33.7036125693034,"Right"
"2201",38,21500083,1019.85,3,299.85,12.12,201939,"Curry","Stephen",1610612744,352,0,89.54345,2.56032,201568,"Gallinari","Danilo",1610612743,87.88553,8.13662,5.81754419118583,190,208,-18,22.4537035120022,14.5329341764652,"Left"
"2221",40,21500083,904.12,3,184.12,15.4,201939,"Curry","Stephen",1610612744,367,1,82.5638,47.75183,203115,"Barton","Will",1610612743,85.3832,48.75166,2.99143383495273,190,198,-8,23.5778463560373,94.3148450740422,"Left"
"2341",52,21500083,239.1,4,239.1,15.78,201939,"Curry","Stephen",1610612744,495,0,62.68629,32.42952,201589,"Arthur","Darrell",1610612743,66.97342,29.95178,4.95163398733186,190,206,-16,27.1019325213997,14.1153745118456,"Right"
"2431",5,21500092,2688.1,1,528.1,17.68,201939,"Curry","Stephen",1610612744,25,0,29.46627,39.40545,200765,"Rondo","Rajon",1610612758,25.97648,36.07263,4.82559047127914,190,185,5,28.1770247261026,12.9350099180056,"Left"
"2491",11,21500092,2272.52,1,112.52,20.79,201939,"Curry","Stephen",1610612744,112,0,25.02682,45.06384,201956,"Casspi","Omri",1610612758,22.25347,39.99813,5.77519592971528,190,206,-16,28.1723319030924,15.8876304735013,"Left"
"2501",12,21500092,2216.68,1,56.68,14.45,201939,"Curry","Stephen",1610612744,122,0,12.08212,46.7049,200765,"Rondo","Rajon",1610612758,10.72621,42.83731,4.09838313682359,190,185,5,22.7547917526046,1.84717877922249,"Left"
"2621",24,21500092,1560.06,2,120.06,18.67,201939,"Curry","Stephen",1610612744,246,0,29.31578,12.25457,201585,"Koufos","Kosta",1610612758,18.66862,19.13029,12.6742866301816,190,213,-23,27.2324760698197,4.94750112113884,"Right"
"2661",28,21500092,1163.76,3,443.76,20.44,201939,"Curry","Stephen",1610612744,312,0,64.60093,36.89642,200765,"Rondo","Rajon",1610612758,63.09548,36.0169,1.74354097540035,190,185,5,26.9202970021005,123.479522863701,"Right"
"2711",33,21500092,1053.9,3,333.9,18.53,201939,"Curry","Stephen",1610612744,326,0,83.11732,47.85145,202341,"Anderson","James",1610612758,84.9282,40.95123,7.1338855067067,190,198,-8,23.5354169515838,0.858109921618095,"Right"
"2721",34,21500092,1045.98,3,325.98,20.19,201939,"Curry","Stephen",1610612744,325,0,79.68741,47.48833,202341,"Anderson","James",1610612758,77.49558,41.50888,6.368511682599,190,198,-8,24.2457320717895,42.0799207789551,"Right"
"2811",43,21500092,743.03,3,23.03,10,201939,"Curry","Stephen",1610612744,390,0,67.01255,35.06687,200765,"Rondo","Rajon",1610612758,70.5973,28.44211,7.53245495307473,190,185,5,23.9553460442424,36.7321497578042,"Right"
"2901",52,21500092,43.92,4,43.92,2.92,201939,"Curry","Stephen",1610612744,528,1,85.83841,2.24021,201585,"Koufos","Kosta",1610612758,85.10131,13.6769,11.4604186034412,190,213,-23,22.9452696033888,10.9777163524058,"Left"
"2951",5,21500104,2257.73,1,97.73,8.24,201939,"Curry","Stephen",1610612744,93,0,5.88502,47.67945,2581,"Blake","Steve",1610612765,6.55159,43.59777,4.1357498941909,190,190,0,22.6883384738262,10.8788219501568,"Left"
"3111",21,21500104,1245.43,3,525.43,20.72,201939,"Curry","Stephen",1610612744,273,1,65.52706,35.36251,203083,"Drummond","Andre",1610612765,60.18983,32.49726,6.05769606660817,190,211,-21,25.4300325549084,127.723900081157,"Right"
"3161",26,21500104,1002.11,3,282.11,6.22,201939,"Curry","Stephen",1610612744,316,0,74.92836,45.20174,203484,"Caldwell-Pope","Kentavious",1610612765,71.14193,45.37021,3.79017602306278,190,196,-6,24.4775005120458,126.926766024681,"Left"
"3171",27,21500104,997.71,3,277.71,21.57,201939,"Curry","Stephen",1610612744,317,0,48.98344,39.44185,203484,"Caldwell-Pope","Kentavious",1610612765,40.34062,41.35852,8.85279399067323,190,196,-6,42.3077572751865,172.544525180576,"Left"
"3261",36,21500104,243.4,4,243.4,14.06,201939,"Curry","Stephen",1610612744,444,1,62.69569,21.69559,203484,"Caldwell-Pope","Kentavious",1610612765,64.65068,26.58716,5.26777400473862,190,196,-6,26.263019533637,60.9870268789697,"Left"
"3341",4,21500120,1674.04,2,234.04,13.04,201939,"Curry","Stephen",1610612744,219,0,25.1736,10.64259,201584,"Lee","Courtney",1610612763,20.61336,12.9969,5.13211110886154,190,196,-6,24.5577901869875,8.47150031385971,"Right"
"3361",6,21500120,1447,2,7,NA,201939,"Curry","Stephen",1610612744,285,0,32.29516,17.12445,2754,"Allen","Tony",1610612763,28.67651,14.5248,4.45564899257112,190,193,-3,28.1685102060457,51.9291488816101,"Left"
"3401",10,21500120,1151.12,3,431.12,14.32,201939,"Curry","Stephen",1610612744,337,0,65.4366,15.57214,201584,"Lee","Courtney",1610612763,69.21504,17.42379,4.20775671303606,190,196,-6,25.1475478673289,4.08923437417428,"Left"
"3421",12,21500120,801.48,3,81.48,10.68,201939,"Curry","Stephen",1610612744,429,0,65.28121,42.10964,203893,"Smith","Russ",1610612763,69.5908,38.91144,5.36666089930228,190,183,7,29.0434826595176,0.486095560803265,"Right"
"3491",19,21500120,335.72,4,335.72,12.68,201939,"Curry","Stephen",1610612744,503,0,83.24329,3.52427,2754,"Allen","Tony",1610612763,79.7329,17.32525,14.2404314159544,190,193,-3,22.1704946732589,28.6526861486014,"Left"
"3571",1,21500125,2816.59,1,656.59,18.44,201939,"Curry","Stephen",1610612744,5,1,31.81303,38.06279,203897,"LaVine","Zach",1610612750,26.26073,34.41417,6.64382895583564,190,196,-6,29.601200066298,7.12400167227653,"Left"
"3581",2,21500125,2750.95,1,590.95,10.26,201939,"Curry","Stephen",1610612744,19,1,14.17177,48.27333,203897,"LaVine","Zach",1610612750,16.30032,42.7757,5.89530836508151,190,196,-6,24.9248042965597,42.1393988587041,"Left"
"3631",7,21500125,2573.68,1,413.68,14.65,201939,"Curry","Stephen",1610612744,46,1,4.4462,47.60665,203897,"LaVine","Zach",1610612750,17.61289,38.41161,16.0595917182754,190,196,-6,22.6209354064437,53.0348916725011,"Left"
"3671",11,21500125,2296.29,1,136.29,8.38,201939,"Curry","Stephen",1610612744,99,0,4.55044,3.26392,1889,"Miller","Andre",1610612750,4.51501,9.48246,6.21864093001839,190,206,-16,21.7473345024166,2.16982484439444,"Right"
"3691",13,21500125,2174.13,1,14.13,8.08,201939,"Curry","Stephen",1610612744,114,1,26.10439,9.63809,203498,"Muhammad","Shabazz",1610612750,18.84061,14.86055,8.94631702657579,190,198,-8,25.9016188899497,0.661262613332669,"Right"
"3781",22,21500125,1695.26,2,255.26,16.76,201939,"Curry","Stephen",1610612744,213,0,23.83256,43.76688,203897,"LaVine","Zach",1610612750,24.10309,40.15807,3.61893576856512,190,196,-6,26.4103638954105,49.0043358995627,"Left"
"3871",31,21500125,908.38,3,188.38,8.66,201939,"Curry","Stephen",1610612744,365,1,62.44089,34.12774,1889,"Miller","Andre",1610612750,66.40405,32.06728,4.46678101066081,190,206,-16,27.8475296301072,8.33625329871752,"Right"
"3881",32,21500125,881.77,3,161.77,20.79,201939,"Curry","Stephen",1610612744,366,1,72.48447,43.6541,203952,"Wiggins","Andrew",1610612750,77.93047,37.28209,8.38220898332295,190,203,-13,24.7496042996833,0.56725772728709,"Right"
"3891",33,21500125,843.05,3,123.05,18.94,201939,"Curry","Stephen",1610612744,370,0,64.06026,14.42112,1889,"Miller","Andre",1610612750,63.63193,18.47869,4.08011530398346,190,206,-16,26.860676896199,72.8321949073184,"Left"
"395",39,21500125,300.14,4,300.14,14.2,201939,"Curry","Stephen",1610612744,458,0,71.29865,43.42469,1626157,"Towns","Karl-Anthony",1610612750,73.51989,38.03377,5.83060250608803,190,213,-23,25.3775258529787,21.0526047193251,"Right"
"398",42,21500125,176.43,4,176.43,3.72,201939,"Curry","Stephen",1610612744,485,0,66.10372,3.64619,1626157,"Towns","Karl-Anthony",1610612750,69.94563,7.84,5.68755789106361,190,213,-23,31.1261818949016,4.19003011006597,"Left"
"399",43,21500125,31.49,4,31.49,7.99,201939,"Curry","Stephen",1610612744,527,1,60.82125,26.60509,1626145,"Jones","Tyus",1610612750,67.27525,26.31761,6.46039942653703,190,188,2,27.9748349498366,0.738785640495511,"Right"
"403",3,21500144,2766.48,1,606.48,15.3,201939,"Curry","Stephen",1610612744,16,0,90.00145,46.69664,101127,"Jack","Jarrett",1610612751,84.45834,43.6689,6.31611256863745,190,190,0,21.7327014977913,58.0547592859781,"Right"
"405",5,21500144,2603.77,1,443.77,8.74,201939,"Curry","Stephen",1610612744,28,0,61.37466,15.47963,201152,"Young","Thaddeus",1610612751,69.27887,18.66417,8.52160963290973,190,203,-13,28.9835588748604,2.76786173997062,"Left"
"409",9,21500144,2370.39,1,210.39,24,201939,"Curry","Stephen",1610612744,60,1,78.58132,3.37197,101127,"Jack","Jarrett",1610612751,78.14058,8.94217,5.58760948775055,190,190,0,23.8992412980684,29.7052128597507,"Left"
"412",12,21500144,2195.27,1,35.27,18,201939,"Curry","Stephen",1610612744,91,0,63.13899,37.67031,200745,"Bargnani","Andrea",1610612751,62.4573,32.64057,5.07572514264711,190,213,-23,28.5737744919393,71.3957943737609,"Right"
"419",19,21500144,1631.12,2,191.12,18.32,201939,"Curry","Stephen",1610612744,197,1,66.70647,14.97452,101127,"Jack","Jarrett",1610612751,67.85317,12.20078,3.00142540763552,190,190,0,24.2162644536952,91.995384146467,"Right"
"422",22,21500144,1350.92,3,630.92,16.48,201939,"Curry","Stephen",1610612744,247,0,26.17496,37.67961,101127,"Jack","Jarrett",1610612751,25.04892,41.25429,3.74783980233948,190,190,0,24.4668441110352,103.729371326681,"Right"
"425",25,21500144,1186.33,3,466.33,20.52,201939,"Curry","Stephen",1610612744,264,0,32.26071,34.1537,101127,"Jack","Jarrett",1610612751,26.56487,34.53219,5.70840152632066,190,190,0,28.5196191838899,22.522812657706,"Right"
"430",30,21500144,915.64,3,195.64,12.97,201939,"Curry","Stephen",1610612744,306,1,23.75972,42.86237,101127,"Jack","Jarrett",1610612751,23.18596,36.99074,5.89959654506136,190,190,0,25.7230246373808,40.4385703169749,"Left"
"432",32,21500144,794.56,3,74.56,20.86,201939,"Curry","Stephen",1610612744,324,0,23.59028,7.89035,1626178,"Hollis-Jefferson","Rondae",1610612751,29.73993,14.95762,9.36827093840694,190,201,-11,25.0819854397713,88.0166618158268,"Right"
"433",33,21500144,748.44,3,28.44,22.09,201939,"Curry","Stephen",1610612744,331,0,28.98034,12.68516,101127,"Jack","Jarrett",1610612751,19.7273,14.71269,9.47257236142855,190,190,0,26.7354506365836,15.0676777806431,"Right"
"440",40,21500144,449.5,4,449.5,11.76,201939,"Curry","Stephen",1610612744,374,1,18.11362,46.43551,101127,"Jack","Jarrett",1610612751,20.04273,41.08922,5.68368561377211,190,190,0,24.9990761522201,50.8093464258453,"Left"
"442",42,21500144,392.61,4,392.61,9.06,201939,"Curry","Stephen",1610612744,391,0,18.1929,2.87415,201961,"Ellington","Wayne",1610612751,15.47402,8.37124,6.13272426597675,190,193,-3,25.6334137139886,4.00907999949232,"Right"
"444",44,21500144,326.53,4,326.53,18.33,201939,"Curry","Stephen",1610612744,401,1,11.15229,48.02976,201961,"Ellington","Wayne",1610612751,8.84198,42.79208,5.72458069019034,190,193,-3,23.7740798539439,9.42708267391223,"Left"
"448",1,21500164,2826.58,1,666.58,17.24,201939,"Curry","Stephen",1610612744,9,0,13.22762,47.7537,200768,"Lowry","Kyle",1610612761,18.02957,47.0028,4.86030602045797,190,183,7,24.1116835694731,100.433460873011,"Left"
"455",8,21500164,2320.66,1,160.66,10.53,201939,"Curry","Stephen",1610612744,96,1,24.32589,8.75425,201942,"DeRozan","DeMar",1610612761,22.24325,16.66502,8.18032220407607,190,201,-11,25.0562162417752,34.8316499545094,"Right"
"456",9,21500164,2290.49,1,130.49,11.25,201939,"Curry","Stephen",1610612744,99,0,26.80458,36.03549,200768,"Lowry","Kyle",1610612761,26.47821,33.11792,2.93576771591351,190,183,7,24.2153248691092,56.5057326277561,"Left"
"457",10,21500164,2274.57,1,114.57,10.1,201939,"Curry","Stephen",1610612744,104,0,5.08337,48.05501,200768,"Lowry","Kyle",1610612761,13.69511,40.39961,11.522465664414,190,183,7,23.0556121509927,47.9504302509124,"Left"
"459",12,21500164,2181.11,1,21.11,19.45,201939,"Curry","Stephen",1610612744,122,1,27.02409,7.39017,201949,"Johnson","James",1610612761,21.70797,11.4302,6.67704831907782,190,206,-16,28.0038766594377,1.73093254059826,"Right"
"467",20,21500164,1570.34,2,130.34,19.25,201939,"Curry","Stephen",1610612744,212,0,28.08136,16.8973,200768,"Lowry","Kyle",1610612761,23.09194,18.01107,5.11222021721482,190,183,7,24.2265298121625,6.95581952021585,"Right"
"476",29,21500164,917.24,3,197.24,16,201939,"Curry","Stephen",1610612744,315,1,70.9623,7.72285,202335,"Patterson","Patrick",1610612761,74.55293,13.01586,6.39598144595495,190,206,-16,24.7972212840975,11.6823054535922,"Left"
"484",37,21500164,320.41,4,320.41,15.05,201939,"Curry","Stephen",1610612744,464,1,62.3411,25.53037,202709,"Joseph","Cory",1610612761,68.31377,22.64956,6.63112759528876,190,190,0,26.4142251740781,24.5989851752631,"Right"
"489",1,21500177,2831.13,1,671.13,15.46,201939,"Curry","Stephen",1610612744,7,1,68.45177,9.18055,201933,"Griffin","Blake",1610612746,67.76607,14.53414,5.39732437214033,190,208,-18,25.7346680459531,59.3677227593321,"Left"
"490",2,21500177,2801.4,1,641.4,6.87,201939,"Curry","Stephen",1610612744,8,0,63.06937,14.89924,2037,"Crawford","Jamal",1610612746,63.60687,14.89884,0.53750014883719,190,196,-6,27.5956538203845,21.5134509572356,"Right"
"512",24,21500177,1448.45,2,8.45,5.24,201939,"Curry","Stephen",1610612744,279,1,72.1666,6.02279,201933,"Griffin","Blake",1610612746,73.58034,9.47597,3.731368770304,190,208,-18,25.2020565617987,18.8845601793976,"Left"
"521",33,21500177,1111.57,3,391.57,12.98,201939,"Curry","Stephen",1610612744,341,0,23.36389,40.72947,203085,"Rivers","Austin",1610612746,20.29672,36.84159,4.95208468256552,190,193,-3,23.9901904413658,10.7599876356767,"Left"
"523",35,21500177,936.11,3,216.11,14.42,201939,"Curry","Stephen",1610612744,370,0,33.51898,31.14184,203085,"Rivers","Austin",1610612746,34.36623,27.51504,3.72444771778313,190,193,-3,28.9284881877018,90.8911288335831,"Left"
"527",39,21500177,786.12,3,66.12,24,201939,"Curry","Stephen",1610612744,401,0,31.49396,20.23651,201933,"Griffin","Blake",1610612746,26.09703,16.0057,6.85759481749979,190,208,-18,26.6727627639452,48.3815718726985,"Left"
"539",51,21500177,126.73,4,126.73,11.75,201939,"Curry","Stephen",1610612744,521,0,28.87561,17.9739,201933,"Griffin","Blake",1610612746,24.93806,20.94713,4.93400411789451,190,208,-18,24.6482358208879,20.4941946454652,"Right"
"540",52,21500177,109.68,4,109.68,9.62,201939,"Curry","Stephen",1610612744,524,1,29.11278,32.19151,2037,"Crawford","Jamal",1610612746,34.7844,31.2893,5.74293098587298,190,196,-6,24.9228827668169,154.190239525495,"Left"
"542",2,21500187,2753.18,1,593.18,16.21,201939,"Curry","Stephen",1610612744,14,1,78.32917,3.41166,2200,"Gasol","Pau",1610612741,78.90002,7.48986,4.11795883448341,190,213,-23,23.9718610425745,17.7986412861927,"Left"
"547",7,21500187,2510.34,1,350.34,14.72,201939,"Curry","Stephen",1610612744,48,0,76.41435,47.2625,202703,"Mirotic","Nikola",1610612741,77.79296,38.67139,8.70101928306104,190,208,-18,25.4516633478541,19.874337634544,"Right"
"553",13,21500187,2197.33,1,37.33,19.99,201939,"Curry","Stephen",1610612744,87,0,67.99655,37.01668,202734,"Moore","E'Twaun",1610612741,67.58423,36.58292,0.598460959461847,190,208,-18,23.9813737122147,103.47667760638,"Right"
"559",19,21500187,1594.01,2,154.01,18.25,201939,"Curry","Stephen",1610612744,191,0,64.68526,34.11008,2550,"Hinrich","Kirk",1610612741,61.03242,32.22757,4.10938973154165,190,193,-3,25.7314062747064,132.000514602132,"Right"
"564",24,21500187,1275.12,3,555.12,24,201939,"Curry","Stephen",1610612744,264,0,30.7409,39.70459,203503,"Snell","Tony",1610612741,27.56186,36.42487,4.56758783166783,190,201,-11,29.4280639845386,15.9142868045284,"Left"
"579",39,21500187,337.6,4,337.6,17.58,201939,"Curry","Stephen",1610612744,464,0,19.61437,4.93524,2200,"Gasol","Pau",1610612741,18.76546,9.13624,4.28591287686766,190,213,-23,24.6765013596843,24.1747811709735,"Right"
"580",40,21500187,331.13,4,331.13,21.1,201939,"Curry","Stephen",1610612744,463,0,29.91402,20.80978,202710,"Butler","Jimmy",1610612741,34.89901,27.21076,8.11311717285656,190,201,-11,25.0174304477658,118.268907379234,"Right"
"582",42,21500187,270.95,4,270.95,19.7,201939,"Curry","Stephen",1610612744,477,0,29.88711,16.6737,202703,"Mirotic","Nikola",1610612741,23.36466,13.09444,7.43999033266173,190,208,-18,26.0060466207784,47.4292969676485,"Left"
"591",5,21500200,2692.46,1,532.46,14.41,201939,"Curry","Stephen",1610612744,20,0,74.56577,44.49692,203914,"Harris","Gary",1610612743,73.89667,40.07606,4.47120766120296,190,193,-3,24.1106256695943,44.6427473098265,"Right"
"592",6,21500200,2667.64,1,507.64,14.09,201939,"Curry","Stephen",1610612744,25,0,75.72626,46.15132,203914,"Harris","Gary",1610612743,73.97987,43.48959,3.18350194361492,190,193,-3,24.8394070245246,64.8916363510526,"Right"
"595",9,21500200,2419.08,1,259.08,20.71,201939,"Curry","Stephen",1610612744,73,1,87.84406,48.24454,201589,"Arthur","Darrell",1610612743,84.00927,40.5386,8.60738785159005,190,206,-16,23.2621874959171,28.6887445841008,"Right"
"602",16,21500200,1588.99,2,148.99,4.19,201939,"Curry","Stephen",1610612744,230,0,66.43794,40.2541,201568,"Gallinari","Danilo",1610612743,71.25758,36.35554,6.19900796928025,190,208,-18,27.0280518767742,4.60979007278571,"Right"
"609",23,21500200,1350.96,3,630.96,15.64,201939,"Curry","Stephen",1610612744,281,0,30.30558,31.42737,203914,"Harris","Gary",1610612743,27.15364,35.01426,4.77498750110406,190,193,-3,25.8668354124214,63.0805034280606,"Right"
"611",25,21500200,1281.08,3,561.08,8.42,201939,"Curry","Stephen",1610612744,293,1,28.55328,31.01617,203914,"Harris","Gary",1610612743,30.53839,26.41898,5.00747617150596,190,193,-3,24.0673463478486,98.8792690490077,"Left"
"629",4,21500214,2782.66,1,622.66,16.03,201939,"Curry","Stephen",1610612744,14,0,15.88819,2.78631,203944,"Randle","Julius",1610612747,16.09223,7.18067,4.39909446718299,190,206,-16,24.6296388502187,28.2483356393167,"Right"
"630",5,21500214,2670.61,1,510.61,5.06,201939,"Curry","Stephen",1610612744,34,1,8.89643,47.90721,203944,"Randle","Julius",1610612747,7.94519,38.77784,9.1787937189208,190,206,-16,23.1956185890569,3.09610652204383,"Left"
"633",8,21500214,2498.37,1,338.37,17.14,201939,"Curry","Stephen",1610612744,57,0,29.38437,17.35075,203903,"Clarkson","Jordan",1610612747,32.68419,20.99373,4.91529402099203,190,196,-6,25.3175599309926,114.584646023766,"Right"
"637",12,21500214,2363.7,1,203.7,20.82,201939,"Curry","Stephen",1610612744,83,0,21.51789,44.87658,203903,"Clarkson","Jordan",1610612747,17.26145,37.53848,8.48321832110903,190,196,-6,25.6850672093436,9.1827113132904,"Left"
"639",14,21500214,2207.78,1,47.78,16.68,201939,"Curry","Stephen",1610612744,108,1,15.60237,3.09514,101138,"Bass","Brandon",1610612747,14.42438,8.15866,5.19873977330083,190,203,-13,24.2279684710976,12.1992238061586,"Right"
"641",16,21500214,2176.7,1,16.7,6.9,201939,"Curry","Stephen",1610612744,110,0,19.93923,4.79561,203903,"Clarkson","Jordan",1610612747,14.39529,4.65611,5.54569481432219,190,196,-6,24.9798089116991,55.4230709560187,"Left"
"658",33,21500214,1220.2,3,500.2,9.65,201939,"Curry","Stephen",1610612744,272,0,74.43,4.36473,203903,"Clarkson","Jordan",1610612747,79.46131,7.24737,5.79859411286045,190,196,-6,25.1172603596192,25.430864817795,"Left"
"660",35,21500214,1153.24,3,433.24,2.14,201939,"Curry","Stephen",1610612744,279,1,83.14434,47.55047,203903,"Clarkson","Jordan",1610612747,81.83698,40.27611,7.39090681710979,190,196,-6,23.2367622799843,24.148322681363,"Right"
"661",36,21500214,1076.6,3,356.6,11.89,201939,"Curry","Stephen",1610612744,300,0,68.138,11.69395,977,"Bryant","Kobe",1610612747,72.67061,10.83598,4.61309721694654,190,198,-8,24.533762667037,43.5628174534812,"Right"
"666",41,21500214,830.48,3,110.48,17.94,201939,"Curry","Stephen",1610612744,342,0,73.06985,4.65684,203105,"Ezeli","Festus",1610612744,73.35884,11.28841,6.63786380434248,190,211,-21,25.68484500261,35.1291516354592,"Left"
"686",11,21500236,2511.79,1,351.79,17.29,201939,"Curry","Stephen",1610612744,51,1,67.97658,12.07227,202339,"Bledsoe","Eric",1610612756,71.9674,15.62458,5.34280362810575,190,185,5,24.467553646601,9.77806875011727,"Left"
"689",14,21500236,2275.63,1,115.63,23.89,201939,"Curry","Stephen",1610612744,105,1,61.43067,30.30307,1626164,"Booker","Devin",1610612756,73.22528,27.57013,12.1070965179807,190,198,-8,27.8292713356602,2.06052560434971,"Right"
"691",16,21500236,2196.4,1,36.4,16.9,201939,"Curry","Stephen",1610612744,117,1,67.21681,38.06487,101179,"Price","Ronnie",1610612756,72.61227,35.8617,5.82794532065118,190,188,2,25.1866849683121,9.03447032527201,"Right"
"699",24,21500236,1809.63,2,369.63,15.79,201939,"Curry","Stephen",1610612744,194,1,67.72931,11.77677,202339,"Bledsoe","Eric",1610612756,64.3237,13.69062,3.90653315544614,190,185,5,24.8339126943178,118.493060330677,"Left"
"705",30,21500236,1475.9,2,35.9,20.57,201939,"Curry","Stephen",1610612744,256,1,63.79982,10.34589,202339,"Bledsoe","Eric",1610612756,68.57926,12.64646,5.30430665011932,190,185,5,28.9353490029842,4.7234934074055,"Left"
"712",37,21500236,1317.2,3,597.2,20.92,201939,"Curry","Stephen",1610612744,290,0,34.01714,29.91869,202688,"Knight","Brandon",1610612756,30.47867,33.59744,5.10430911127059,190,178,12,29.1846167543057,55.8162815905414,"Right"
"720",45,21500236,871.78,3,151.78,0.54,201939,"Curry","Stephen",1610612744,371,0,8.55092,48.47337,203141,"Teletovic","Mirza",1610612756,8.63105,41.71166,6.76218477572153,190,206,-16,23.7043281280719,8.68362949514534,"Left"
"722",47,21500236,777.81,3,57.81,20.46,201939,"Curry","Stephen",1610612744,397,0,30.5923,29.95554,101179,"Price","Ronnie",1610612756,24.8045,28.89451,5.88425131184079,190,188,2,25.8222684127789,0.676025257394902,"Left"
"735",1,21500245,2836.52,1,676.52,6.16,201939,"Curry","Stephen",1610612744,5,0,28.25894,15.13782,200765,"Rondo","Rajon",1610612758,26.09359,19.07228,4.49095937569023,190,185,5,25.0334558995757,37.9724625060571,"Right"
"738",4,21500245,2659,1,499,13.27,201939,"Curry","Stephen",1610612744,29,0,29.8639,12.53359,200752,"Gay","Rudy",1610612758,26.91603,16.74229,5.13839403188389,190,203,-13,27.5908581145658,28.1304883045956,"Right"
"741",7,21500245,2481.95,1,321.95,16.73,201939,"Curry","Stephen",1610612744,68,1,18.00219,45.82749,203463,"McLemore","Ben",1610612758,20.01002,39.92191,6.23756815155554,190,196,-6,24.4213572410749,50.2556197774178,"Left"
"745",11,21500245,2347.08,1,187.08,17.36,201939,"Curry","Stephen",1610612744,85,1,17.94915,5.52014,201585,"Koufos","Kosta",1610612758,18.7847,9.0646,3.64161234813647,190,213,-23,23.2536740396459,46.36520589225,"Right"
"748",14,21500245,2218.85,1,58.85,18.72,201939,"Curry","Stephen",1610612744,112,1,30.3763,16.14209,201954,"Collison","Darren",1610612758,26.66308,12.77782,5.01062026113534,190,183,7,26.6419504026657,61.596720765026,"Left"
"769",35,21500245,1127.35,3,407.35,14.82,201939,"Curry","Stephen",1610612744,318,0,67.06995,10.31685,200752,"Gay","Rudy",1610612758,73.46328,12.07531,6.6307503391773,190,203,-13,26.1843361940875,18.7297274648177,"Left"
"788",1,21500259,2835.28,1,675.28,12.6,201939,"Curry","Stephen",1610612744,6,1,73.80191,46.23515,203526,"Neto","Raul",1610612762,66.25288,42.22367,8.54867391653817,190,185,5,25.9687695159128,97.1571839660862,"Right"
"792",5,21500259,2611,1,451,18.48,201939,"Curry","Stephen",1610612744,38,0,70.57632,42.00447,203526,"Neto","Raul",1610612762,71.71346,38.46349,3.71908950416631,190,185,5,24.8884439996417,29.0998783469255,"Right"
"811",24,21500259,1526.83,2,86.83,16.83,201939,"Curry","Stephen",1610612744,252,0,60.92234,22.06938,202692,"Burks","Alec",1610612762,67.17028,22.95351,6.31018542520742,190,198,-8,27.9815509695228,2.04246061212704,"Left"
"819",32,21500259,876.53,3,156.53,12.63,201939,"Curry","Stephen",1610612744,356,1,26.99368,38.09364,204060,"Ingles","Joe",1610612762,22.35636,38.10235,4.63732817972807,190,203,-13,25.3817065697325,31.1631845900574,"Right"
"824",37,21500259,382.83,4,382.83,19.82,201939,"Curry","Stephen",1610612744,432,1,27.89759,11.83774,202692,"Burks","Alec",1610612762,24.13416,15.33538,5.13779047203173,190,198,-8,26.1946258059874,12.7394633874091,"Right"
"830",43,21500259,146.85,4,146.85,17.45,201939,"Curry","Stephen",1610612744,457,0,31.11971,28.21352,203497,"Gobert","Rudy",1610612762,24.17828,29.47615,7.05533025178836,190,216,-26,26.0685367114171,17.3902308940499,"Right"
"831",44,21500259,52.93,4,52.93,13.23,201939,"Curry","Stephen",1610612744,483,1,20.15231,41.63998,202324,"Favors","Derrick",1610612762,8.76221,42.95294,11.4655240600506,190,208,-18,22.3375866587351,54.7288255523698,"Right"
"846",14,21500268,2507.2,1,347.2,13.48,201939,"Curry","Stephen",1610612744,61,1,79.23364,46.94424,101107,"Williams","Marvin",1610612766,78.59606,40.23715,6.73732621479026,190,185,5,23.9188372800017,28.8747480513284,"Right"
"848",16,21500268,2459.25,1,299.25,18.47,201939,"Curry","Stephen",1610612744,66,0,60.12404,29.0114,203469,"Zeller","Cody",1610612766,64.77881,32.01458,5.53949220283772,190,213,-23,28.9056554307561,40.8064356971415,"Left"
"879",47,21500268,812.88,3,92.88,20.64,201939,"Curry","Stephen",1610612744,359,1,28.86794,6.95748,201587,"Batum","Nicolas",1610612766,23.22813,9.04655,6.01428884416105,190,203,-13,29.7210298912067,17.0520142943807,"Right"
"899",4,21500290,2692.87,1,532.87,12.74,201939,"Curry","Stephen",1610612744,23,1,64.0512,26.43283,201942,"DeRozan","DeMar",1610612761,67.17143,19.72485,7.39816402449284,190,201,-11,24.7403258517122,61.7342852851171,"Right"
"903",8,21500290,2562.41,1,402.41,17.27,201939,"Curry","Stephen",1610612744,43,1,64.59904,29.78779,200768,"Lowry","Kyle",1610612761,66.52864,25.13705,5.0351503162865,190,183,7,24.6209626539195,56.2531797615036,"Right"
"904",9,21500290,2528.3,1,368.3,17.11,201939,"Curry","Stephen",1610612744,44,0,64.29587,36.19798,200768,"Lowry","Kyle",1610612761,63.02656,30.21026,6.12077925386139,190,183,7,26.8960820592387,77.3648091801437,"Right"
"905",10,21500290,2523.5,1,363.5,21.32,201939,"Curry","Stephen",1610612744,44,0,68.61509,39.19355,2449,"Scola","Luis",1610612761,65.18584,30.8795,8.99350782314665,190,206,-16,24.6347612594602,77.2335381557354,"Right"
"909",14,21500290,2323.43,1,163.43,11.92,201939,"Curry","Stephen",1610612744,98,0,64.77732,22.13169,202709,"Joseph","Cory",1610612761,70.00772,21.40787,5.28024616399653,190,190,0,24.1436656007016,14.7019095784605,"Right"
"922",27,21500290,1574.03,2,134.03,13.83,201939,"Curry","Stephen",1610612744,229,1,77.52076,3.71086,201960,"Carroll","DeMarre",1610612761,81.12661,11.01389,8.1447161646923,190,203,-13,24.0691361065826,1.53227790915067,"Left"
"926",31,21500290,1403.1,3,683.1,20.15,201939,"Curry","Stephen",1610612744,266,0,29.33596,28.9699,200768,"Lowry","Kyle",1610612761,31.6805,23.4324,6.01338291326937,190,183,7,24.4109314679223,103.588004720056,"Left"
"932",37,21500290,788.71,3,68.71,13.32,201939,"Curry","Stephen",1610612744,388,0,18.35004,2.83112,202709,"Joseph","Cory",1610612761,21.02692,2.75996,2.6778256627346,190,190,0,25.7501512317112,122.102446315899,"Left"
"936",41,21500290,429.16,4,429.16,16.95,201939,"Curry","Stephen",1610612744,451,1,20.97612,5.23754,200768,"Lowry","Kyle",1610612761,23.41849,6.11733,2.59599723824968,190,183,7,25.2560027618386,108.701249462001,"Right"
"938",43,21500290,266.91,4,266.91,1.51,201939,"Curry","Stephen",1610612744,482,0,25.47316,45.75437,202709,"Joseph","Cory",1610612761,18.36326,42.94392,7.64521466098239,190,190,0,28.9779239160175,24.1744733673808,"Left"
"939",44,21500290,220.3,4,220.3,20.36,201939,"Curry","Stephen",1610612744,498,1,29.34647,30.14705,2449,"Scola","Luis",1610612761,32.29312,26.65286,4.57078876985144,190,206,-16,24.6400485016446,118.083643006707,"Left"
"940",45,21500290,155.84,4,155.84,16.73,201939,"Curry","Stephen",1610612744,510,1,31.21066,25.19218,202709,"Joseph","Cory",1610612761,33.76034,25.63696,2.58818418023138,190,190,0,25.9613713194816,170.52872623314,"Right"
"941",46,21500290,114.61,4,114.61,16.82,201939,"Curry","Stephen",1610612744,512,0,31.6629,33.32398,202709,"Joseph","Cory",1610612761,33.43634,33.30267,1.77356802793127,190,190,0,27.6934997689061,161.81940000007,"Left"
"945",4,21500300,2552.76,1,392.76,18.76,201939,"Curry","Stephen",1610612744,47,0,77.93845,2.96377,101127,"Jack","Jarrett",1610612751,78.56903,5.74094,2.84785960772296,190,190,0,24.5455708023953,13.3411821371506,"Left"
"955",14,21500300,1553.95,2,113.95,18.82,201939,"Curry","Stephen",1610612744,254,1,60.26309,15.09261,203499,"Larkin","Shane",1610612751,66.21907,18.23686,6.73498372848072,190,180,10,30.1605772153021,8.65320293252437,"Left"
"960",19,21500300,1337.26,3,617.26,15.52,201939,"Curry","Stephen",1610612744,305,0,30.36013,25.99181,101127,"Jack","Jarrett",1610612751,28.33994,28.51694,3.23379794560514,190,190,0,25.1297098211062,53.6009178231316,"Right"
"967",26,21500300,1002.17,3,282.17,20.52,201939,"Curry","Stephen",1610612744,359,0,36.36628,47.79927,203499,"Larkin","Shane",1610612751,30.88975,40.21351,9.35607479761144,190,180,10,38.5749866308635,17.9419670494758,"Left"
"968",27,21500300,970.63,3,250.63,14.39,201939,"Curry","Stephen",1610612744,365,1,15.42305,47.21632,203499,"Larkin","Shane",1610612751,7.84636,36.65639,12.9968593498968,190,180,10,24.4347257124957,11.0557618931108,"Left"
"969",28,21500300,926.14,3,206.14,4.57,201939,"Curry","Stephen",1610612744,369,0,3.75997,2.20173,203499,"Larkin","Shane",1610612751,4.60757,6.03581,3.92665190797453,190,180,10,22.8469101717016,8.72650996446426,"Right"
"971",30,21500300,830.69,3,110.69,18.6,201939,"Curry","Stephen",1610612744,391,1,24.9149,9.09912,101127,"Jack","Jarrett",1610612751,23.79713,13.65488,4.69088040249376,190,190,0,25.2892521989955,37.2558881921577,"Right"
"991",8,21500314,2589.43,1,429.43,12.53,201939,"Curry","Stephen",1610612744,54,0,77.77036,2.22891,202331,"George","Paul",1610612754,80.74864,7.09802,5.70774771258331,190,206,-16,25.2799334318289,5.71062023430132,"Left"
"992",9,21500314,2585.14,1,425.14,21.88,201939,"Curry","Stephen",1610612744,53,0,50.93618,11.2635,201588,"Hill","George",1610612754,64.31732,13.07916,13.5037598073722,190,190,0,40.231535084339,12.2372379366754,"Left"
"996",13,21500314,2351.02,1,191.02,15.52,201939,"Curry","Stephen",1610612744,98,1,67.41618,39.82022,202331,"George","Paul",1610612754,74.34251,37.7716,7.22294200262608,190,206,-16,25.976350718313,18.3102276909338,"Right"
"998",15,21500314,2275.71,1,115.71,20.67,201939,"Curry","Stephen",1610612744,109,1,75.61218,3.26487,201155,"Stuckey","Rodney",1610612754,77.63539,8.34568,5.46882153303616,190,196,-6,25.3972083203903,9.43815030935747,"Left"
"1001",18,21500314,2194.93,1,34.93,17.84,201939,"Curry","Stephen",1610612744,125,0,68.11436,10.55041,101145,"Ellis","Monta",1610612754,66.58823,9.46507,1.87270811727296,190,190,0,25.1916710318649,179.581320257998,"Right"
"1009",26,21500314,1625.38,2,185.38,18.23,201939,"Curry","Stephen",1610612744,237,1,73.33147,44.34998,201588,"Hill","George",1610612754,73.81433,36.00007,8.36385980201127,190,190,0,24.7417217137632,35.2390568125266,"Right"
"1027",44,21500314,752.68,3,32.68,19.28,201939,"Curry","Stephen",1610612744,378,0,25.48104,3.11082,201941,"Hill","Jordan",1610612754,19.86628,8.30473,7.64867511048155,190,208,-18,29.8065627094773,4.4841510795641,"Right"
"1042",59,21500314,189.98,4,189.98,10.34,201939,"Curry","Stephen",1610612744,465,0,25.10167,7.43418,203524,"Hill","Solomon",1610612754,23.85011,11.81009,4.55137240419854,190,201,-11,26.50748637765,32.5347468456205,"Right"
"1048",2,21500336,2725.42,1,565.42,7,201939,"Curry","Stephen",1610612744,23,1,66.16907,34.79042,202340,"Bradley","Avery",1610612738,71.32458,32.33235,5.71151393984116,190,188,2,24.6120036454024,2.05098611552709,"Right"
"1056",10,21500336,2532.18,1,372.18,0.86,201939,"Curry","Stephen",1610612744,46,0,64.74007,18.31538,203109,"Crowder","Jae",1610612738,63.21721,23.30821,5.21990938508515,190,198,-8,24.9230993889063,91.4044293223306,"Left"
"1070",24,21500336,1741.24,2,301.24,12.5,201939,"Curry","Stephen",1610612744,201,1,80.48398,2.84478,202340,"Bradley","Avery",1610612738,81.57274,6.87768,4.17728150207763,190,188,2,23.6470053048753,5.35238846877785,"Left"
"1072",26,21500336,1695.88,2,255.88,20.18,201939,"Curry","Stephen",1610612744,204,1,66.91787,44.11174,202340,"Bradley","Avery",1610612738,70.7502,39.85925,5.72454578364083,190,188,2,29.0155218144444,6.77618352342406,"Right"
"1073",27,21500336,1562.38,2,122.38,18.92,201939,"Curry","Stephen",1610612744,250,0,74.90816,47.83135,202340,"Bradley","Avery",1610612738,77.31004,43.3672,5.06928621769377,190,188,2,26.6995707345287,2.94503478252263,"Right"
"1074",28,21500336,1449.38,2,9.38,6.69,201939,"Curry","Stephen",1610612744,279,0,65.76182,32.96619,202340,"Bradley","Avery",1610612738,65.15179,33.00265,0.61111859119159,190,188,2,24.3293362595139,164.307410407845,"Left"
"1076",30,21500336,1355.41,3,635.41,11.75,201939,"Curry","Stephen",1610612744,292,1,28.84558,20.53641,202340,"Bradley","Avery",1610612738,25.08642,18.75707,4.15900646082691,190,188,2,24.0140590326688,36.0419019172153,"Left"
"1092",46,21500336,341.62,4,341.62,14.42,201939,"Curry","Stephen",1610612744,499,1,27.8946,17.15337,202340,"Bradley","Avery",1610612738,25.66758,15.85532,2.57770283060325,190,188,2,23.9655484292953,49.3481983648271,"Left"
"1095",49,21500336,153.74,4,153.74,11.19,201939,"Curry","Stephen",1610612744,530,0,28.74851,20.56274,203109,"Crowder","Jae",1610612738,31.34965,23.52163,3.93966487555731,190,198,-8,23.9137878331246,120.625143963712,"Right"
"1096",50,21500336,48.47,4,48.47,9.79,201939,"Curry","Stephen",1610612744,560,1,31.90925,27.01479,202340,"Bradley","Avery",1610612738,26.87614,24.54086,5.60825515797918,190,188,2,26.7352761217572,21.8536016244338,"Left"
"1097",1,21500351,2829.93,1,669.93,18.31,201939,"Curry","Stephen",1610612744,3,0,34.6043,29.07367,202328,"Monroe","Greg",1610612749,28.15769,31.32085,6.82704902900953,190,211,-21,29.6356156635711,27.1185094925681,"Right"
"1102",6,21500351,2599.44,1,439.44,14.78,201939,"Curry","Stephen",1610612744,41,0,27.45586,10.32304,201564,"Mayo","O.J.",1610612749,27.57479,13.44135,3.12057712627007,190,201,-11,26.6179145160022,58.7214552672264,"Right"
"1105",9,21500351,2479.85,1,319.85,14.94,201939,"Curry","Stephen",1610612744,62,1,3.08505,1.60918,203953,"Parker","Jabari",1610612749,8.80606,3.55266,6.04210807007786,190,203,-13,23.4907954053263,65.9489244476877,"Right"
"1116",20,21500351,1218.41,3,498.41,20.64,201939,"Curry","Stephen",1610612744,314,0,62.08389,22.81545,201564,"Mayo","O.J.",1610612749,67.07942,23.92928,5.11819667947608,190,201,-11,26.7554420863233,7.88602902080324,"Left"
"1118",22,21500351,1071.86,3,351.86,21.36,201939,"Curry","Stephen",1610612744,353,0,65.46414,33.90217,202328,"Monroe","Greg",1610612749,60.78264,30.31984,5.89487323688135,190,211,-21,24.9294987243727,121.654602106227,"Right"
"1124",28,21500351,400.9,4,400.9,7.1,201939,"Curry","Stephen",1610612744,487,0,64.52645,30.99416,203507,"Antetokounmpo","Giannis",1610612749,67.76837,27.50116,4.76561583495775,190,211,-21,24.9541645564042,33.2362703468996,"Right"
"1126",30,21500351,287.08,4,287.08,12.42,201939,"Curry","Stephen",1610612744,505,1,69.81808,44.29067,203487,"Carter-Williams","Michael",1610612749,71.09433,39.59846,4.86267917372717,190,198,-8,27.0286430280046,29.2462755536287,"Right"
"1128",32,21500351,222.43,4,222.43,15.33,201939,"Curry","Stephen",1610612744,514,0,64.03284,22.4106,201564,"Mayo","O.J.",1610612749,62.57265,21.55351,1.6931503489649,190,201,-11,24.8524242444394,155.568839046759,"Right"
"1142",11,21500381,2431.65,1,271.65,19.34,201939,"Curry","Stephen",1610612744,71,0,63.17009,13.56592,202339,"Bledsoe","Eric",1610612756,66.58215,13.81942,3.4214639693558,190,185,5,28.0191002898826,19.8353819952694,"Left"
"1146",15,21500381,2284.74,1,124.74,18,201939,"Curry","Stephen",1610612744,94,0,67.79623,11.3867,202339,"Bledsoe","Eric",1610612756,62.44329,11.97753,5.38544768171597,190,185,5,24.9876452292508,140.690399460545,"Left"
"1159",28,21500381,1629.72,2,189.72,12.92,201939,"Curry","Stephen",1610612744,211,1,70.40453,7.78586,202720,"Leuer","Jon",1610612756,73.26212,12.1453,5.21253659188116,190,208,-18,25.1571637006341,13.57762152656,"Left"
"1161",30,21500381,1543.83,2,103.83,17.2,201939,"Curry","Stephen",1610612744,217,1,67.49728,38.88192,202720,"Leuer","Jon",1610612756,72.52351,34.98115,6.3623104770044,190,208,-18,25.3847554702581,4.66252370720566,"Right"
"1162",31,21500381,1505.73,2,65.73,12,201939,"Curry","Stephen",1610612744,223,0,65.28461,9.4246,2199,"Chandler","Tyson",1610612756,71.21762,11.10666,6.16684145277791,190,216,-26,28.1641192479385,17.7461425990932,"Left"
"1185",2,21500397,2842.59,1,682.59,12.81,201939,"Curry","Stephen",1610612744,7,1,14.56355,2.3555,203487,"Carter-Williams","Michael",1610612749,18.38572,6.08595,5.34090261204977,190,198,-8,24.4850075322124,68.0528512723703,"Right"
"1190",7,21500397,2455.4,1,295.4,13.28,201939,"Curry","Stephen",1610612744,77,1,18.51822,45.27423,203089,"Henson","John",1610612749,16.46646,37.45571,8.08325269232628,190,211,-21,24.2299414787015,18.4980670102553,"Left"
"1200",17,21500397,1468.54,2,28.54,20.13,201939,"Curry","Stephen",1610612744,271,0,32.19828,9.71284,203114,"Middleton","Khris",1610612749,28.16756,11.55088,4.43002198188677,190,203,-13,30.9823668531634,5.05191958391354,"Right"
"1201",18,21500397,1447.76,2,7.76,6.91,201939,"Curry","Stephen",1610612744,282,0,17.37876,46.48464,203487,"Carter-Williams","Michael",1610612749,20.17692,43.48109,4.1049984151154,190,198,-8,24.6717768931871,72.4185872325512,"Left"
"1217",34,21500397,55.33,4,55.33,4.42,201939,"Curry","Stephen",1610612744,535,0,75.71388,47.75813,201564,"Mayo","O.J.",1610612749,76.57447,45.32985,2.5762684073093,190,201,-11,26.2273312739078,10.2900948682457,"Right"
"1221",1,21500434,2809.57,1,649.57,13.08,201939,"Curry","Stephen",1610612744,8,1,63.77852,29.2895,203526,"Neto","Raul",1610612762,65.73515,33.39737,4.55005460338665,190,185,5,25.3372181511783,74.2778673502207,"Left"
"1226",6,21500434,2595.49,1,435.49,23.36,201939,"Curry","Stephen",1610612744,39,0,65.80407,11.77433,203526,"Neto","Raul",1610612762,70.35814,18.53027,8.14753207103231,190,185,5,26.484600252105,26.0582607141225,"Left"
"1229",9,21500434,2457.47,1,297.47,7.8,201939,"Curry","Stephen",1610612744,59,0,89.37211,2.08185,202344,"Booker","Trevor",1610612762,85.46948,8.15775,7.22129363250796,190,203,-13,22.9265919899709,31.1582592994544,"Left"
"1245",25,21500434,976.79,3,256.79,12.69,201939,"Curry","Stephen",1610612744,298,0,29.25684,34.4624,202324,"Favors","Derrick",1610612762,24.24871,31.57778,5.77948082800696,190,208,-18,25.8043674703644,8.42930814550776,"Left"
"1246",26,21500434,947.53,3,227.53,12.57,201939,"Curry","Stephen",1610612744,303,0,7.40234,47.35995,203504,"Burke","Trey",1610612762,12.37072,45.27667,5.38747207721766,190,185,5,22.4633018828065,72.7495983779111,"Left"
"1249",29,21500434,845.76,3,125.76,12.44,201939,"Curry","Stephen",1610612744,325,0,5.2821,48.05801,203918,"Hood","Rodney",1610612762,5.39196,40.01984,8.03892070918105,190,203,-13,23.0580323438515,0.862793027791814,"Left"
"1252",32,21500434,355.88,4,355.88,10.23,201939,"Curry","Stephen",1610612744,402,1,8.60704,47.39295,202344,"Booker","Trevor",1610612762,8.09352,41.8686,5.54816597741091,190,203,-13,22.6431872152332,3.21529480293694,"Left"
"1272",14,21500438,2297.76,1,137.76,24,201939,"Curry","Stephen",1610612744,103,1,28.50315,34.03677,203521,"Dellavedova","Matthew",1610612739,21.44799,34.16343,7.05629686033687,190,193,-3,24.9473885798775,22.265912253304,"Right"
"1295",37,21500438,907.75,3,187.75,15.8,201939,"Curry","Stephen",1610612744,359,0,62.61973,10.42185,203521,"Dellavedova","Matthew",1610612739,67.62394,10.62381,5.00828369461037,190,193,-3,29.9217891793823,26.8461789396084,"Left"
"1302",44,21500438,31.37,4,31.37,6.44,201939,"Curry","Stephen",1610612744,521,0,66.14575,39.38561,203521,"Dellavedova","Matthew",1610612739,69.23233,40.02618,3.15234928605635,190,193,-3,26.7936166490192,44.1975372077839,"Left"
"1306",2,21500468,2829.57,1,669.57,9.09,201939,"Curry","Stephen",1610612744,12,0,29.94852,14.12146,200765,"Rondo","Rajon",1610612758,26.91415,12.51728,3.43231623969878,190,185,5,26.988136703411,51.6353005637035,"Left"
"1310",6,21500468,2729.81,1,569.81,13.81,201939,"Curry","Stephen",1610612744,36,0,30.28362,21.52997,200765,"Rondo","Rajon",1610612758,24.09608,20.41462,6.28726147651742,190,185,5,25.2729744688927,18.1100139952134,"Left"
"1311",7,21500468,2725.85,1,565.85,21.97,201939,"Curry","Stephen",1610612744,38,0,53.85225,26.18814,200752,"Gay","Rudy",1610612758,37.66831,23.3496,16.4309836362647,190,203,-13,34.9179700401112,168.101984125967,"Right"
"1320",16,21500468,2414.82,1,254.82,15.91,201939,"Curry","Stephen",1610612744,107,0,30.19842,25.05974,201954,"Collison","Darren",1610612758,27.29111,22.97801,3.57575883261162,190,183,7,24.9484915248197,35.466717955956,"Left"
"1335",31,21500468,1769.61,2,329.61,19.95,201939,"Curry","Stephen",1610612744,233,0,11.43595,1.98888,202341,"Anderson","James",1610612758,14.50822,5.15975,4.4151171569733,190,198,-8,23.8280847123074,59.141958903121,"Right"
"1336",32,21500468,1724.25,2,284.25,18.59,201939,"Curry","Stephen",1610612744,243,0,30.977,13.12983,203552,"Curry","Seth",1610612758,26.44419,15.82433,5.27320554749196,190,188,2,28.3333631048081,5.96098823345045,"Right"
"1337",33,21500468,1637.91,2,197.91,18.41,201939,"Curry","Stephen",1610612744,264,1,25.24042,39.4137,201954,"Collison","Darren",1610612758,21.3139,37.32438,4.4477879190447,190,183,7,24.6449110257351,7.77509302744107,"Left"
"1343",39,21500468,1510.98,2,70.98,15.58,201939,"Curry","Stephen",1610612744,282,1,30.92191,11.0003,200752,"Gay","Rudy",1610612758,26.72608,14.9193,5.74138923858155,190,203,-13,29.2410424427396,14.4411407011641,"Right"
"1345",41,21500468,1494.07,2,54.07,18.72,201939,"Curry","Stephen",1610612744,285,1,32.10708,14.87537,201954,"Collison","Darren",1610612758,28.29325,16.88467,4.31075234256156,190,183,7,28.7021058245436,7.12678252145088,"Right"
"1348",44,21500468,1463.16,2,23.16,21.74,201939,"Curry","Stephen",1610612744,292,1,33.33672,30.12739,203463,"McLemore","Ben",1610612758,27.15756,33.53765,7.05775400344897,190,196,-6,28.5509013617872,39.2399191100823,"Right"
"1359",55,21500468,972.07,3,252.07,16.31,201939,"Curry","Stephen",1610612744,390,0,84.74733,47.48384,200752,"Gay","Rudy",1610612758,85.17033,41.56159,5.93733728724417,190,203,-13,22.8373472249843,6.00884476329028,"Right"
"1364",60,21500468,724.2,3,4.2,NA,201939,"Curry","Stephen",1610612744,435,1,64.59449,9.28368,203552,"Curry","Seth",1610612758,63.02436,12.94865,3.98714350353734,190,188,2,28.8182473044858,80.1417732043383,"Left"
"1466",1,21500493,2841.58,1,681.58,11.89,201939,"Curry","Stephen",1610612744,5,1,22.41128,43.60505,101107,"Williams","Marvin",1610612766,17.62777,40.22918,5.85478147986754,190,185,5,25.3112112855331,12.0997943295468,"Left"
"1487",22,21500493,1857.39,2,417.39,19.33,201939,"Curry","Stephen",1610612744,158,0,31.86513,17.24674,203148,"Roberts","Brian",1610612766,27.50318,19.38231,4.8566724233162,190,185,5,27.7214390958424,9.8445562084756,"Right"
"1492",27,21500493,1553.27,2,113.27,18.67,201939,"Curry","Stephen",1610612744,200,0,33.43272,21.89813,202391,"Lin","Jeremy",1610612766,29.06258,22.54919,4.41837105087384,190,190,0,28.3529064488158,2.19270155965418,"Right"
"1510",45,21500493,336.73,4,336.73,17.87,201939,"Curry","Stephen",1610612744,393,0,62.45547,22.68503,203148,"Roberts","Brian",1610612766,62.10842,24.89722,2.23924726160377,190,185,5,26.396238255134,93.8845862366524,"Left"
"1516",1,21500493,2841.58,1,681.58,11.89,201939,"Curry","Stephen",1610612744,5,1,22.41128,43.60505,101107,"Williams","Marvin",1610612766,17.62777,40.22918,5.85478147986754,190,185,5,25.3112112855331,12.0997943295468,"Left"
"1537",22,21500493,1857.39,2,417.39,19.33,201939,"Curry","Stephen",1610612744,158,1,31.86513,17.24674,203148,"Roberts","Brian",1610612766,27.50318,19.38231,4.8566724233162,190,185,5,27.7214390958424,9.8445562084756,"Right"
"1542",27,21500493,1553.27,2,113.27,18.67,201939,"Curry","Stephen",1610612744,200,0,33.43272,21.89813,202391,"Lin","Jeremy",1610612766,29.06258,22.54919,4.41837105087384,190,190,0,28.3529064488158,2.19270155965418,"Right"
"1560",45,21500493,336.73,4,336.73,17.87,201939,"Curry","Stephen",1610612744,393,1,62.45547,22.68503,203148,"Roberts","Brian",1610612766,62.10842,24.89722,2.23924726160377,190,185,5,26.396238255134,93.8845862366524,"Left"
"1583",18,21500524,1875.2,2,435.2,4.54,201939,"Curry","Stephen",1610612744,190,1,77.56395,4.84666,203944,"Randle","Julius",1610612747,81.34254,10.77388,7.02920189754854,190,206,-16,23.0496166510009,3.48509155715354,"Left"
"1585",20,21500524,1838.74,2,398.74,18.51,201939,"Curry","Stephen",1610612744,193,0,76.3945,46.67045,1626273,"Huertas","Marcelo",1610612747,72.90934,43.38737,4.78800109774423,190,190,0,24.9452757742323,76.3999896012126,"Right"
"1588",23,21500524,1616.41,2,176.41,9.85,201939,"Curry","Stephen",1610612744,233,0,89.67927,47.53014,1626148,"Brown","Anthony",1610612747,89.36675,46.77235,0.819703870004286,190,206,-16,22.549296023435,20.0498670671524,"Right"
"1589",24,21500524,1450.94,2,10.94,5.9,201939,"Curry","Stephen",1610612744,263,1,68.82629,38.45299,203903,"Clarkson","Jordan",1610612747,63.20447,39.06879,5.65544602594702,190,196,-6,24.0403236272767,152.222902403345,"Left"
"1591",26,21500524,1308.33,3,588.33,17.44,201939,"Curry","Stephen",1610612744,295,0,23.18074,7.71552,203903,"Clarkson","Jordan",1610612747,25.12791,10.13365,3.10464550404712,190,196,-6,24.9051136479639,84.8936943256328,"Right"
"1597",32,21500524,1056.7,3,336.7,12.65,201939,"Curry","Stephen",1610612744,348,1,2.95745,47.56188,203903,"Clarkson","Jordan",1610612747,9.31892,44.0772,7.2533644099342,190,196,-6,22.6780557949067,55.4849900577343,"Left"
"1613",1,21500548,2822.86,1,662.86,16,201939,"Curry","Stephen",1610612744,7,1,85.15073,47.05492,203081,"Lillard","Damian",1610612757,80.29796,42.53054,6.63471107564602,190,190,0,22.3466829918738,56.2744139446128,"Right"
"1614",2,21500548,2647.62,1,487.62,11.74,201939,"Curry","Stephen",1610612744,38,0,89.78186,46.46691,203081,"Lillard","Damian",1610612757,88.89363,42.34474,4.21678053042839,190,190,0,21.4916951403955,9.40801776654897,"Right"
"1617",5,21500548,2579.06,1,419.06,11.26,201939,"Curry","Stephen",1610612744,49,0,75.8968,4.40956,203081,"Lillard","Damian",1610612757,73.72375,7.84325,4.06354196712671,190,190,0,24.2728442839647,64.3018486787275,"Left"
"1631",19,21500548,1834.32,2,394.32,20.54,201939,"Curry","Stephen",1610612744,184,0,65.5677,34.34676,203459,"Crabbe","Allen",1610612757,69.07879,31.28446,4.65890912962466,190,198,-8,24.9956187318418,19.1357009985358,"Right"
"1639",27,21500548,1467.43,2,27.43,16.31,201939,"Curry","Stephen",1610612744,288,0,75.7823,3.35691,203081,"Lillard","Damian",1610612757,78.0766,8.46715,5.60163952317533,190,190,0,25.2306279755003,6.75017089721441,"Left"
"1641",29,21500548,1349.92,3,629.92,10.54,201939,"Curry","Stephen",1610612744,315,0,29.67495,32.9662,203943,"Vonleh","Noah",1610612757,19.74046,27.22142,11.4759134193536,190,208,-18,25.6912149370655,11.9756023106563,"Left"
"1651",39,21500548,998.62,3,278.62,17.94,201939,"Curry","Stephen",1610612744,363,0,25.36788,11.06027,202329,"Aminu","Al-Farouq",1610612757,22.92355,14.82025,4.48466261264992,190,206,-16,24.4753992442881,22.2542718250081,"Right"
"1653",41,21500548,910.85,3,190.85,17.55,201939,"Curry","Stephen",1610612744,380,1,32.78219,20.60798,203086,"Leonard","Meyers",1610612757,26.17806,20.41911,6.60683017291954,190,216,-26,27.8803035470653,10.7017743755768,"Left"
"1655",43,21500548,865.81,3,145.81,14.65,201939,"Curry","Stephen",1610612744,390,1,22.5645,7.21863,203081,"Lillard","Damian",1610612757,18.85702,8.66534,3.97974594346172,190,190,0,24.8187233621494,24.4457265362266,"Right"
"1657",45,21500548,817.5,3,97.5,15.04,201939,"Curry","Stephen",1610612744,397,0,23.1748,43.90953,203090,"Harkless","Maurice",1610612757,17.88726,39.56233,6.84516085213488,190,206,-16,26.0551104365516,7.10573226252706,"Left"
"1661",49,21500548,731.35,3,11.35,7.65,201939,"Curry","Stephen",1610612744,414,1,29.6922,38.43526,203086,"Leonard","Meyers",1610612757,25.26314,34.77875,5.74339950410034,190,216,-26,27.8913490549955,10.7456583591076,"Left"
"1672",3,21500556,2722.64,1,562.64,24,201939,"Curry","Stephen",1610612744,20,0,27.40792,11.59147,200765,"Rondo","Rajon",1610612758,24.43171,17.43578,6.55848956240688,190,185,5,25.8990751859463,31.8329738769808,"Right"
"1674",5,21500556,2675.86,1,515.86,14,201939,"Curry","Stephen",1610612744,26,1,4.70164,2.45913,200765,"Rondo","Rajon",1610612758,6.71749,6.14072,4.19735108736451,190,185,5,22.5475390906968,27.3092733374644,"Right"
"1682",13,21500556,2386.17,1,226.17,18.67,201939,"Curry","Stephen",1610612744,80,0,32.02087,28.31392,200752,"Gay","Rudy",1610612758,25.83966,34.46696,8.72165456239239,190,203,-13,26.9752024334072,51.925791240715,"Right"
"1692",23,21500556,1852.75,2,412.75,8.79,201939,"Curry","Stephen",1610612744,184,1,26.72453,39.52686,201954,"Collison","Darren",1610612758,28.42105,34.00057,5.78083568997597,190,183,7,25.9265327450568,72.9888585733872,"Left"
"1696",27,21500556,1704.2,2,264.2,15.34,201939,"Curry","Stephen",1610612744,211,0,30.96697,26.74054,200765,"Rondo","Rajon",1610612758,31.59242,22.10919,4.67339175813455,190,185,5,25.775803100437,93.8191853263832,"Left"
"1697",28,21500556,1583.95,2,143.95,11.77,201939,"Curry","Stephen",1610612744,252,1,30.95242,23.08591,202326,"Cousins","DeMarcus",1610612758,25.41298,21.47893,5.76782283309742,190,211,-21,25.7735937421327,20.4363573159739,"Left"
"1698",29,21500556,1536.73,2,96.73,20.24,201939,"Curry","Stephen",1610612744,256,1,29.01439,36.17981,200765,"Rondo","Rajon",1610612758,26.36343,32.52028,4.51882160994435,190,185,5,26.2627946667562,28.8861159471595,"Left"
"1699",30,21500556,1475.87,2,35.87,11.26,201939,"Curry","Stephen",1610612744,267,0,17.56514,2.97463,200765,"Rondo","Rajon",1610612758,17.48168,7.32805,4.35421993794526,190,185,5,25.2344922052436,28.1127626140341,"Right"
"1708",39,21500556,908.18,3,188.18,15.68,201939,"Curry","Stephen",1610612744,378,0,65.37695,17.21985,203112,"Acy","Quincy",1610612758,70.54036,18.20123,5.25584527288429,190,201,-11,24.6339237703822,7.64944737549124,"Left"
"1709",40,21500556,837.24,3,117.24,10.32,201939,"Curry","Stephen",1610612744,388,1,82.67946,0.8435,203552,"Curry","Seth",1610612758,79.98847,-1.55717,3.60619517344805,190,188,2,24.9075881638829,145.842951628335,"Right"
"1714",45,21500556,308.17,4,308.17,10.66,201939,"Curry","Stephen",1610612744,490,1,70.11318,42.08529,200765,"Rondo","Rajon",1610612758,74.87269,37.92409,6.32206618757666,190,185,5,25.2831602869677,1.35008522957819,"Right"
"1715",46,21500556,266.09,4,266.09,14.28,201939,"Curry","Stephen",1610612744,502,1,90.5042,2.50299,200765,"Rondo","Rajon",1610612758,79.61796,13.99768,15.8315545520236,190,185,5,22.565298060963,38.984129588391,"Left"
"1724",55,21500556,53.6,4,53.6,6.62,201939,"Curry","Stephen",1610612744,550,1,74.4198,3.29039,201158,"Belinelli","Marco",1610612758,79.48278,11.93044,10.0142014401,190,196,-6,26.0127237787991,3.05836380537898,"Left"
"1729",4,21500568,2720.3,1,560.3,17.46,201939,"Curry","Stephen",1610612744,21,1,5.88048,47.30672,201609,"Dragic","Goran",1610612748,7.30011,43.58818,3.98031268476485,190,190,0,22.3156282051122,22.5143804775046,"Left"
"1739",14,21500568,1590.22,2,150.22,15.63,201939,"Curry","Stephen",1610612744,243,0,23.97592,10.00585,2547,"Bosh","Chris",1610612748,19.90158,15.48292,6.82631249068631,190,211,-21,23.9892603902017,14.6699678424258,"Right"
"1741",16,21500568,1529.16,2,89.16,18.67,201939,"Curry","Stephen",1610612744,250,1,25.81734,39.11264,201609,"Dragic","Goran",1610612748,19.88328,36.92354,6.32496852906005,190,190,0,24.9435779800172,14.207414962846,"Left"
"1748",23,21500568,1155.83,3,435.83,15.02,201939,"Curry","Stephen",1610612744,314,0,63.64163,37.61436,1626159,"Winslow","Justise",1610612748,68.15906,37.15934,4.54028820729477,190,201,-11,28.0989736870673,20.9230566666095,"Right"
"1749",24,21500568,1066.11,3,346.11,11.65,201939,"Curry","Stephen",1610612744,330,0,65.96197,36.33521,201609,"Dragic","Goran",1610612748,75.20403,32.57928,9.97610561333931,190,190,0,25.451548028067,4.33005165690308,"Right"
"1755",30,21500568,770.96,3,50.96,12.05,201939,"Curry","Stephen",1610612744,386,0,90.25338,47.42762,204020,"Johnson","Tyler",1610612748,86.53094,44.43001,4.7793540636471,190,193,-3,22.4779512030968,47.3212252522568,"Right"
"1761",36,21500568,311.84,4,311.84,20.57,201939,"Curry","Stephen",1610612744,463,0,71.25892,41.18492,204020,"Johnson","Tyler",1610612748,75.95011,35.45451,7.40573172510319,190,193,-3,23.8304325385168,7.91575449230933,"Right"
"1762",37,21500568,293.58,4,293.58,8.19,201939,"Curry","Stephen",1610612744,465,1,73.85196,5.95859,204020,"Johnson","Tyler",1610612748,79.29777,10.92728,7.37188760577642,190,193,-3,24.1769909341444,9.58335783910681,"Left"
"1764",39,21500568,28.58,4,28.58,10.52,201939,"Curry","Stephen",1610612744,506,1,70.47242,6.36292,204020,"Johnson","Tyler",1610612748,66.66728,10.55808,5.6637847633186,190,193,-3,26.1038441916665,86.6510343816067,"Left"
"1768",3,21500583,2746.01,1,586.01,16.99,201939,"Curry","Stephen",1610612744,24,0,61.98554,17.56979,2749,"Nelson","Jameer",1610612743,65.38471,19.17997,3.76125462064189,190,183,7,27.7766869827145,9.83137962386788,"Left"
"1770",5,21500583,2666.76,1,506.76,13.89,201939,"Curry","Stephen",1610612744,40,1,65.27598,34.23335,203914,"Harris","Gary",1610612743,70.39512,32.1687,5.51981647902356,190,193,-3,25.2246777419039,0.493325072904702,"Right"
"1776",11,21500583,2210.86,1,50.86,21.03,201939,"Curry","Stephen",1610612744,132,0,63.23153,38.37853,201589,"Arthur","Darrell",1610612743,67.75242,35.67772,5.26619607004904,190,206,-16,28.812798824512,3.18777097278586,"Right"
"1783",18,21500583,1643.49,2,203.49,15.19,201939,"Curry","Stephen",1610612744,257,0,69.08543,40.21167,2749,"Nelson","Jameer",1610612743,75.0176,42.78673,6.46696025289316,190,183,7,24.8614202626037,61.188895177291,"Left"
"1787",22,21500583,1525.79,2,85.79,11.31,201939,"Curry","Stephen",1610612744,278,1,66.63449,40.2901,201589,"Arthur","Darrell",1610612743,71.09133,38.34152,4.86419436309858,190,206,-16,26.8864824878618,11.0435102942567,"Right"
"1789",24,21500583,1488.53,2,48.53,18.76,201939,"Curry","Stephen",1610612744,281,0,63.41634,15.45071,2749,"Nelson","Jameer",1610612743,67.55968,15.1987,4.15099691588659,190,183,7,27.0736637435664,24.1340811678765,"Right"
"1797",32,21500583,1112.4,3,392.4,21.09,201939,"Curry","Stephen",1610612744,337,0,28.73751,12.92974,203914,"Harris","Gary",1610612743,30.02918,13.24312,1.32914198387531,190,193,-3,26.4074667938388,139.163933755586,"Right"
"1799",34,21500583,906.45,3,186.45,9.02,201939,"Curry","Stephen",1610612744,383,0,28.48877,16.80943,1626144,"Mudiay","Emmanuel",1610612743,29.06016,13.58106,3.27854531599,190,196,-6,24.6399242701312,119.452001814242,"Left"
"1802",37,21500583,763.27,3,43.27,16.18,201939,"Curry","Stephen",1610612744,406,0,28.92934,33.30481,203994,"Nurkic","Jusuf",1610612743,23.37667,24.4054,10.4895968691366,190,213,-23,25.0934455978389,38.7116688968247,"Left"
"1806",41,21500583,317.47,4,317.47,24,201939,"Curry","Stephen",1610612744,510,1,22.73151,46.13393,2749,"Nelson","Jameer",1610612743,20.48833,43.32972,3.59102356390208,190,183,7,27.4271068311078,0.939318988140798,"Left"
"1809",44,21500583,104.58,4,104.58,18.19,201939,"Curry","Stephen",1610612744,544,1,19.684,4.145,201568,"Gallinari","Danilo",1610612743,19.29527,8.99596,4.86651044738425,190,208,-18,25.3627952126732,30.105993961635,"Right"
"1811",46,21500583,38.83,4,38.83,19.49,201939,"Curry","Stephen",1610612744,555,1,33.70858,40.69709,203914,"Harris","Gary",1610612743,29.91121,37.10845,5.22478286309584,190,193,-3,32.5006063033369,14.5011358839583,"Left"
"1820",9,21500592,2624.77,1,464.77,15.97,201939,"Curry","Stephen",1610612744,36,1,28.52818,14.3372,201579,"Hibbert","Roy",1610612747,21.27042,15.45084,7.34270210938725,190,218,-28,25.6040810800232,15.8871151685091,"Right"
"1822",11,21500592,2523.71,1,363.71,12.92,201939,"Curry","Stephen",1610612744,52,1,26.41695,9.61081,203903,"Clarkson","Jordan",1610612747,21.52266,5.88311,6.15222089119856,190,196,-6,26.1699625746503,73.3130441713992,"Left"
"1823",12,21500592,2457.38,1,297.38,19.55,201939,"Curry","Stephen",1610612744,66,1,25.84363,41.66779,1626156,"Russell","D'Angelo",1610612747,26.76711,35.57274,6.16461270583156,190,188,2,26.4936373505225,59.6299924522374,"Left"
"1834",23,21500592,1696.89,2,256.89,18.18,201939,"Curry","Stephen",1610612744,223,1,22.76404,45.1419,201579,"Hibbert","Roy",1610612747,16.46459,37.61773,9.81306295156614,190,218,-28,26.6915292317919,1.0709930821168,"Left"
"1838",27,21500592,1511.36,2,71.36,17.19,201939,"Curry","Stephen",1610612744,266,1,29.95176,27.25851,203903,"Clarkson","Jordan",1610612747,29.5097,21.74567,5.53053540890934,190,196,-6,24.8047941841431,80.1913197457007,"Left"
"1839",28,21500592,1469.96,2,29.96,20.09,201939,"Curry","Stephen",1610612744,282,0,13.27119,47.89687,977,"Bryant","Kobe",1610612747,13.31579,41.97578,5.92125797006852,190,198,-8,24.2612065819695,19.7378522509684,"Left"
"1840",29,21500592,1464.55,2,24.55,22.54,201939,"Curry","Stephen",1610612744,281,0,5.547,47.79187,203903,"Clarkson","Jordan",1610612747,6.91858,40.20022,7.71455646287588,190,196,-6,22.7938050157691,10.9877048031943,"Left"
"1843",32,21500592,1221.45,3,501.45,15,201939,"Curry","Stephen",1610612744,326,1,75.61236,45.95226,203903,"Clarkson","Jordan",1610612747,80.19785,46.54535,4.62368622293945,190,196,-6,24.7304424521115,65.2809189454435,"Left"
"1845",34,21500592,1126.26,3,406.26,17.58,201939,"Curry","Stephen",1610612744,335,0,73.7921,44.83746,203903,"Clarkson","Jordan",1610612747,76.80627,39.73543,5.92586963320996,190,196,-6,24.8447900305396,6.44344777661372,"Right"
"1850",39,21500592,984.36,3,264.36,8.06,201939,"Curry","Stephen",1610612744,357,1,84.66865,2.90209,201579,"Hibbert","Roy",1610612747,87.42838,9.81051,7.43924569894691,190,218,-28,22.4716497879128,11.3111328526713,"Left"
"1853",42,21500592,951.71,3,231.71,16,201939,"Curry","Stephen",1610612744,364,0,68.2853,39.9306,1626156,"Russell","D'Angelo",1610612747,67.49178,34.84314,5.14897302789595,190,188,2,25.3323264318538,62.7516383029239,"Right"
"1855",44,21500592,752.94,3,32.94,21.51,201939,"Curry","Stephen",1610612744,410,0,60.94383,37.45107,1626148,"Brown","Anthony",1610612747,65.405,34.80582,5.18646173526809,190,206,-16,30.4665756890038,6.54389371067059,"Right"
"1871",5,21500622,2570.57,1,410.57,11.63,201939,"Curry","Stephen",1610612744,36,0,72.74511,3.28561,2544,"James","LeBron",1610612739,75.30188,10.18812,7.3608231287676,190,203,-13,26.9753820544622,16.0673662443096,"Left"
"1872",6,21500622,2241.7,1,81.7,18.1,201939,"Curry","Stephen",1610612744,86,1,60.57047,21.40903,203521,"Dellavedova","Matthew",1610612739,60.65005,24.3787,2.97073608476081,190,193,-3,28.4074105923402,81.2028116550949,"Left"
"1873",7,21500622,2219.77,1,59.77,19.09,201939,"Curry","Stephen",1610612744,89,1,78.7195,47.34207,202697,"Shumpert","Iman",1610612739,81.11829,41.72478,6.10803899858211,190,196,-6,24.4903863206545,1.0534857585953,"Right"
"1881",15,21500622,1356.8,3,636.8,17.74,201939,"Curry","Stephen",1610612744,269,1,26.27115,11.97888,202681,"Irving","Kyrie",1610612739,22.99991,10.05527,3.79490270885829,190,190,0,24.7272787297127,62.2323962269454,"Left"
"1888",22,21500622,1144.4,3,424.4,20.21,201939,"Curry","Stephen",1610612744,302,0,31.07681,25.89176,2544,"James","LeBron",1610612739,24.06418,17.83573,10.680664720784,190,203,-13,25.8422009641923,46.9834627474856,"Left"
"1895",29,21500622,763.09,3,43.09,12.35,201939,"Curry","Stephen",1610612744,389,1,29.57635,13.31979,203521,"Dellavedova","Matthew",1610612739,24.93224,17.76626,6.42952977697436,190,193,-3,26.9851553630251,18.1066939502776,"Right"
"1897",31,21500622,735.31,3,15.31,8.91,201939,"Curry","Stephen",1610612744,393,0,25.87308,10.29554,203521,"Dellavedova","Matthew",1610612739,26.22409,13.39987,3.1241115167356,190,193,-3,25.3284932946672,60.9618522442442,"Right"
"1913",2,21500634,2812.18,1,652.18,12.69,201939,"Curry","Stephen",1610612744,6,0,29.03212,35.26776,201565,"Rose","Derrick",1610612741,31.93767,33.32127,3.49729096910738,190,190,0,25.9039789822336,122.82909840424,"Left"
"1918",7,21500634,2684.23,1,524.23,11.53,201939,"Curry","Stephen",1610612744,23,1,28.65147,17.43055,2200,"Gasol","Pau",1610612741,31.77962,13.47856,5.04019318901568,190,213,-23,24.5952306649765,146.2872937947,"Left"
"1919",8,21500634,2639.76,1,479.76,15.17,201939,"Curry","Stephen",1610612744,28,0,26.16547,11.23021,201565,"Rose","Derrick",1610612741,29.99686,11.51757,3.84215110344453,190,190,0,25.0412460146255,142.351679955832,"Right"
"1925",14,21500634,2207.88,1,47.88,13.59,201939,"Curry","Stephen",1610612744,103,0,24.25897,41.94168,202703,"Mirotic","Nikola",1610612741,22.04394,37.21164,5.22299112602156,190,208,-18,25.4629429108911,23.1978678069823,"Left"
"1939",28,21500634,1118.41,3,398.41,12.29,201939,"Curry","Stephen",1610612744,324,0,64.19561,14.21392,201959,"Gibson","Taj",1610612741,66.43192,18.01824,4.41292794848273,190,206,-16,26.8189781691715,35.8369384523096,"Left"
"1941",30,21500634,962.16,3,242.16,13.03,201939,"Curry","Stephen",1610612744,358,0,61.98216,26.76648,201166,"Brooks","Aaron",1610612741,64.63307,31.4015,5.33954438398071,190,183,7,26.8260640023094,64.0090617294723,"Left"
"1943",32,21500634,898.6,3,178.6,8.39,201939,"Curry","Stephen",1610612744,371,1,70.84968,44.2248,203926,"McDermott","Doug",1610612741,71.00828,40.09135,4.136491612768,190,203,-13,26.2681250024131,40.7594212991119,"Right"
"1950",39,21500634,356.62,4,356.62,13.3,201939,"Curry","Stephen",1610612744,500,1,63.32056,28.77549,202710,"Butler","Jimmy",1610612741,67.39465,25.92202,4.97398234506316,190,201,-11,25.7081843671174,26.5622140562328,"Right"
"1952",41,21500634,317.01,4,317.01,12.4,201939,"Curry","Stephen",1610612744,502,0,74.27411,44.30986,201565,"Rose","Derrick",1610612741,71.74326,42.45543,3.13753284403525,190,190,0,24.1334225610811,90.6261867950446,"Right"
