"","match_clock","quarter","quarter_clock","shot_clock","shot_outcome","shooter_X","shooter_Y","defender_lastname","defender_firstname","player_distance","defender_height","shot_dist","def_angle","LeftOrRight","def_reyting","distance","rowNum"
"1",2791.81,1,631.81,18.38,0,29.25529,38.54671,"Davis","Anthony",6.343738971,208,27.56387672,5.365498119,"1",104,0.526379499208951,"1L"
"2",2717.18,1,557.18,19.9,1,32.06145,34.13058,"Robinson","Nate",6.53851491628642,175,28.3235121804994,16.1636970891901,"1",113,0.485517502200044,"2L"
"3",2465.26,1,305.26,20.11,1,29.29856,39.24411,"Smith","Ish",5.35816166434907,183,27.9504545180521,9.29255859073024,"1",110,0.479042326925418,"3L"
"4",2349.33,1,189.33,10.74,0,30.45367,30.92155,"Ajinca","Alexis",11.1778601969429,218,25.8899543427832,6.59088806490007,"1",107,0.630248261405511,"4L"
"5",2551.37,1,391.37,18.91,0,60.85392,27.07319,"Smith","Ish",7.63784205493279,183,27.9730119247553,48.8025631723913,"1",110,0.480070302896393,"5L"
"6",1274.92,3,554.92,3.79,1,29.12455,38.70614,"Davis","Anthony",5.894693819,208,27.52911934,0.4403448127,"1",104,0.747175090499255,"6L"
"7",1211.79,3,491.79,11.12,1,16.29373,47.35317,"Babbitt","Luke",5.62590230674156,206,24.9324724277758,5.50207579936232,"1",112,0.520140732047189,"7L"
"8",134.3,4,134.3,6.46,1,31.65574,35.76289,"Babbitt","Luke",4.48982210365845,206,28.5149593389102,13.3573922059639,"1",112,0.607598406612094,"8L"
"9",2648.64,1,488.64,18.29,0,28.96831,18.25067,"Conley","Mike",2.12372837879518,185,24.6599206143288,112.749881658694,"1",110,0.420379027833591,"9L"
"10",2538.5,1,378.5,18.98,0,24.10209,43.01778,"Lee","Courtney",6.62929211041421,196,26.0776090448588,23.5601656450439,"1",109,0.482727495389129,"10L"
"11",1268.44,3,548.44,15.27,1,72.14334,7.87177,"Conley","Mike",4.49272776153864,185,23.8570203355008,31.0797236564021,"1",110,0.357466323951744,"11L"
"12",2025.13,2,585.13,16.4,1,31.15086,31.815,"Rivers","Austin",8.85790671859893,193,26.7824340518109,57.384137369741,"1",107,0.608198115938,"12L"
"13",1800,2,360,15.02,0,3.82879,47.35031,"Paul","Chris",10.3197968507137,183,22.3954503183169,5.02686390748923,"1",103,0.699603773997456,"13L"
"14",335.05,4,335.05,15.86,1,68.01812,10.8961,"Jordan","DeAndre",6.45960042288995,211,25.0745058484589,9.12542868912631,"1",98,0.493045060548802,"14L"
"15",299.42,4,299.42,16.73,1,64.61154,26.74645,"Jordan","DeAndre",2.93830659334589,211,24.2015565361838,21.9839631437667,"1",98,0.426478555055494,"15L"
"16",2412.42,1,252.42,19.11,1,32.4276,35.0695,"Gallinari","Danilo",5.88337081752459,208,28.9830428355961,18.5040528662872,"1",111,0.43054846373998,"16L"
"17",2336.06,1,176.06,6.68,1,29.0469,31.06472,"Foye","Randy",6.68296220597573,193,24.5575503315864,151.803352187088,"1",111,0.684671956866613,"17L"
"18",1509.67,2,69.67,18.05,1,17.09164,4.13537,"Gallinari","Danilo",3.71468682039281,208,23.9907737042076,86.1770621136499,"1",111,0.361193503150227,"18L"
"19",1467.55,2,27.55,13.43,1,16.51473,47.96757,"Barton","Will",5.40169919733596,198,25.5813098507055,11.2714938666184,"1",108,0.57109408475444,"19L"
"20",1366.15,3,646.15,20.57,0,65.05396,11.46716,"Mudiay","Emmanuel",5.3177572942924,196,27.2880939266047,4.63077621597203,"1",110,0.321234403471531,"20L"
"21",1019.85,3,299.85,12.12,0,89.54345,2.56032,"Gallinari","Danilo",5.81754419118583,208,22.4537035120022,14.5329341764652,"1",111,0.285267558658096,"21L"
"22",904.12,3,184.12,15.4,1,82.5638,47.75183,"Barton","Will",2.99143383495273,198,23.5778463560373,94.3148450740422,"1",108,0.354334318764859,"22L"
"23",2688.1,1,528.1,17.68,0,29.46627,39.40545,"Rondo","Rajon",4.82559047127914,185,28.1770247261026,12.9350099180056,"1",107,0.554058478227082,"23L"
"24",2272.52,1,112.52,20.79,0,25.02682,45.06384,"Casspi","Omri",5.77519592971528,206,28.1723319030924,15.8876304735013,"1",108,0.455525771655217,"24L"
"25",43.92,4,43.92,2.92,1,85.83841,2.24021,"Koufos","Kosta",11.4604186034412,213,22.9452696033888,10.9777163524058,"1",107,0.587766454484774,"25L"
"26",1887.37,2,447.37,16.22,1,16.8684,47.28699,"Morris","Marcus",4.87526731,206,25.13358593,43.36360223,"1",108,0.49549233172882,"26L"
"27",243.4,4,243.4,14.06,1,62.69569,21.69559,"Caldwell-Pope","Kentavious",5.26777400473862,196,26.263019533637,60.9870268789697,"1",107,0.490900728705786,"27L"
"28",1151.12,3,431.12,14.32,0,65.4366,15.57214,"Lee","Courtney",4.20775671303606,196,25.1475478673289,4.08923437417428,"1",109,0.380696074440503,"28L"
"29",335.72,4,335.72,12.68,0,83.24329,3.52427,"Allen","Tony",14.2404314159544,193,22.1704946732589,28.6526861486014,"1",105,0.556749127062657,"29L"
"30",2816.59,1,656.59,18.44,1,31.81303,38.06279,"LaVine","Zach",6.64382895583564,196,29.601200066298,7.12400167227653,"1",112,0.487327045828584,"30L"
"31",2750.95,1,590.95,10.26,1,14.17177,48.27333,"LaVine","Zach",5.89530836508151,196,24.9248042965597,42.1393988587041,"1",112,0.592740439022497,"31L"
"32",2573.68,1,413.68,14.65,1,4.4462,47.60665,"LaVine","Zach",16.0595917182754,196,22.6209354064437,53.0348916725011,"1",112,0.67333373802718,"32L"
"33",1695.26,2,255.26,16.76,0,23.83256,43.76688,"LaVine","Zach",3.61893576856512,196,26.4103638954105,49.0043358995627,"1",112,0.446098314561549,"33L"
"34",843.05,3,123.05,18.94,0,64.06026,14.42112,"Miller","Andre",4.08011530398346,206,26.860676896199,72.8321949073184,"1",108,0.352752849417944,"34L"
"35",176.43,4,176.43,3.72,0,66.10372,3.64619,"Towns","Karl-Anthony",5.68755789106361,213,31.1261818949016,4.19003011006597,"1",106,0.675435521378546,"35L"
"36",2814.71,1,654.71,7.12,0,84.34259,2.06118,"Johnson","Joe",7.682836059,201,23.35839733,34.1786362,"1",113,0.422708964085666,"36L"
"37",2603.77,1,443.77,8.74,0,61.37466,15.47963,"Young","Thaddeus",8.52160963290973,203,28.9835588748604,2.76786173997062,"1",107,0.637374989333611,"37L"
"38",915.64,3,195.64,12.97,1,23.75972,42.86237,"Jack","Jarrett",5.89959654506136,190,25.7230246373808,40.4385703169749,"1",112,0.552727330790059,"38L"
"39",449.5,4,449.5,11.76,1,18.11362,46.43551,"Jack","Jarrett",5.68368561377211,190,24.9990761522201,50.8093464258453,"1",112,0.576697460594781,"39L"
"40",326.53,4,326.53,18.33,1,11.15229,48.02976,"Ellington","Wayne",5.72458069019034,193,23.7740798539439,9.42708267391223,"1",113,0.41377282412697,"40L"
"41",2290.49,1,130.49,11.25,0,26.80458,36.03549,"Lowry","Kyle",2.93576771591351,183,24.2153248691092,56.5057326277561,"1",104,0.628289415672177,"41L"
"42",917.24,3,197.24,16,1,70.9623,7.72285,"Patterson","Patrick",6.39598144595495,206,24.7972212840975,11.6823054535922,"1",107,0.367464800335317,"42L"
"43",2831.13,1,671.13,15.46,1,68.45177,9.18055,"Griffin","Blake",5.39732437214033,208,25.7346680459531,59.3677227593321,"1",103,0.454950324918081,"43L"
"44",1847.6,2,407.6,16.15,0,63.58716,20.71796,"Smith","Josh",7.201642631,206,25.5245839,23.39596741,"1",103,0.479480589285226,"44L"
"45",1448.45,2,8.45,5.24,1,72.1666,6.02279,"Griffin","Blake",3.731368770304,208,25.2020565617987,18.8845601793976,"1",103,0.562297700966387,"45L"
"46",1111.57,3,391.57,12.98,0,23.36389,40.72947,"Rivers","Austin",4.95208468256552,193,23.9901904413658,10.7599876356767,"1",107,0.548655872790892,"46L"
"47",936.11,3,216.11,14.42,0,33.51898,31.14184,"Rivers","Austin",3.72444771778313,193,28.9284881877018,90.8911288335831,"1",107,0.603334998868063,"47L"
"48",786.12,3,66.12,24,0,31.49396,20.23651,"Griffin","Blake",6.85759481749979,208,26.6727627639452,48.3815718726985,"1",103,0.435963870724854,"48L"
"49",109.68,4,109.68,9.62,1,29.11278,32.19151,"Crawford","Jamal",5.74293098587298,196,24.9228827668169,154.190239525495,"1",109,0.649130937409851,"49L"
"50",2753.18,1,593.18,16.21,1,78.32917,3.41166,"Gasol","Pau",4.11795883448341,213,23.9718610425745,17.7986412861927,"1",101,0.355215151326329,"50L"
"51",1275.12,3,555.12,24,0,30.7409,39.70459,"Snell","Tony",4.56758783166783,201,29.4280639845386,15.9142868045284,"1",109,0.387274343234065,"51L"
"52",270.95,4,270.95,19.7,0,29.88711,16.6737,"Mirotic","Nikola",7.43999033266173,208,26.0060466207784,47.4292969676485,"1",104,0.494533387400022,"52L"
"53",1281.08,3,561.08,8.42,1,28.55328,31.01617,"Harris","Gary",5.00747617150596,193,24.0673463478486,98.8792690490077,"1",111,0.597597309599849,"53L"
"54",2670.61,1,510.61,5.06,1,8.89643,47.90721,"Randle","Julius",9.1787937189208,206,23.1956185890569,3.09610652204383,"1",108,0.713966389814167,"54L"
"55",2363.7,1,203.7,20.82,0,21.51789,44.87658,"Clarkson","Jordan",8.48321832110903,196,25.6850672093436,9.1827113132904,"1",114,0.406724000449896,"55L"
"56",2176.7,1,16.7,6.9,0,19.93923,4.79561,"Clarkson","Jordan",5.54569481432219,196,24.9798089116991,55.4230709560187,"1",114,0.575853808500883,"56L"
"57",1220.2,3,500.2,9.65,0,74.43,4.36473,"Clarkson","Jordan",5.79859411286045,196,25.1172603596192,25.430864817795,"1",114,0.399716552272661,"57L"
"58",830.48,3,110.48,17.94,0,73.06985,4.65684,"Ezeli","Festus",6.63786380434248,211,25.68484500261,35.1291516354592,"1",101,0.426087197446717,"58L"
"59",2511.79,1,351.79,17.29,1,67.97658,12.07227,"Bledsoe","Eric",5.34280362810575,185,24.467553646601,9.77806875011727,"1",107,0.391104547656789,"59L"
"60",1809.63,2,369.63,15.79,1,67.72931,11.77677,"Bledsoe","Eric",3.90653315544614,185,24.8339126943178,118.493060330677,"1",107,0.451797424387928,"60L"
"61",1475.9,2,35.9,20.57,1,63.79982,10.34589,"Bledsoe","Eric",5.30430665011932,185,28.9353490029842,4.7234934074055,"1",107,0.422065508226067,"61L"
"62",1075.19,3,355.19,16.68,0,28.86494,32.46698,"Morris","Markieff",5.81651197,208,24.76734103,0.6774159485,"1",106,0.458956815796483,"62L"
"63",777.81,3,57.81,20.46,0,30.5923,29.95554,"Price","Ronnie",5.88425131184079,188,25.8222684127789,0.676025257394902,"1",108,0.440340207105135,"63L"
"64",2481.95,1,321.95,16.73,1,18.00219,45.82749,"McLemore","Ben",6.23756815155554,196,24.4213572410749,50.2556197774178,"1",111,0.484774058001089,"64L"
"65",2218.85,1,58.85,18.72,1,30.3763,16.14209,"Collison","Darren",5.01062026113534,183,26.6419504026657,61.596720765026,"1",112,0.448630999115689,"65L"
"66",1127.35,3,407.35,14.82,0,67.06995,10.31685,"Gay","Rudy",6.6307503391773,203,26.1843361940875,18.7297274648177,"1",108,0.425250748324342,"66L"
"67",1526.83,2,86.83,16.83,0,60.92234,22.06938,"Burks","Alec",6.31018542520742,198,27.9815509695228,2.04246061212704,"1",107,0.462449494102548,"67L"
"68",2805.19,1,645.19,7.65,0,87.54724,1.71346,"Walker","Kemba",3.166425308,185,23.31758085,5.279038347,"1",105,0.470986425527267,"68L"
"69",2483.32,1,323.32,19.71,1,59.05399,24.39843,"Walker","Kemba",4.481757136,185,29.70210256,4.416839142,"1",105,0.486869278853516,"69L"
"70",2459.25,1,299.25,18.47,0,60.12404,29.0114,"Zeller","Cody",5.53949220283772,213,28.9056554307561,40.8064356971415,"1",102,0.489907724230416,"70L"
"71",2199.48,1,39.48,13.38,0,64.27148,21.71025,"Walker","Kemba",2.42365156,185,24.69859098,95.13632574,"1",105,0.497462332515281,"71L"
"72",835.98,3,115.98,12.02,1,29.19145,30.13337,"Walker","Kemba",2.484382413,185,24.48559813,19.40240205,"1",105,0.565475768920903,"72L"
"73",755.13,3,35.13,16.09,1,30.64096,32.03242,"Walker","Kemba",6.410305001,185,26.34683626,30.17294023,"1",105,0.602142597357812,"73L"
"74",1574.03,2,134.03,13.83,1,77.52076,3.71086,"Carroll","DeMarre",8.1447161646923,203,24.0691361065826,1.53227790915067,"1",104,0.447976308094677,"74L"
"75",1403.1,3,683.1,20.15,0,29.33596,28.9699,"Lowry","Kyle",6.01338291326937,183,24.4109314679223,103.588004720056,"1",104,0.545875050236944,"75L"
"76",220.3,4,220.3,20.36,1,29.34647,30.14705,"Scola","Luis",4.57078876985144,206,24.6400485016446,118.083643006707,"1",105,0.445982776352201,"76L"
"77",114.61,4,114.61,16.82,0,31.6629,33.32398,"Joseph","Cory",1.77356802793127,190,27.6934997689061,161.81940000007,"1",108,0.541000701298505,"77L"
"78",2620.72,1,460.72,8.85,1,81.52026,2.00876,"Johnson","Joe",9.149328467,201,24.10116713,40.07796594,"1",113,0.441502548825661,"78L"
"79",2552.76,1,392.76,18.76,0,77.93845,2.96377,"Jack","Jarrett",2.84785960772296,190,24.5455708023953,13.3411821371506,"1",112,0.236424994122272,"79L"
"80",1553.95,2,113.95,18.82,1,60.26309,15.09261,"Larkin","Shane",6.73498372848072,180,30.1605772153021,8.65320293252437,"1",110,0.487310354459751,"80L"
"81",970.63,3,250.63,14.39,1,15.42305,47.21632,"Larkin","Shane",12.9968593498968,180,24.4347257124957,11.0557618931108,"1",110,0.686464181296572,"81L"
"82",2589.43,1,429.43,12.53,0,77.77036,2.22891,"George","Paul",5.70774771258331,206,25.2799334318289,5.71062023430132,"1",101,0.483749217682038,"82L"
"83",2275.71,1,115.71,20.67,1,75.61218,3.26487,"Stuckey","Rodney",5.46882153303616,196,25.3972083203903,9.43815030935747,"1",105,0.327887914357185,"83L"
"84",1741.24,2,301.24,12.5,1,80.48398,2.84478,"Bradley","Avery",4.17728150207763,188,23.6470053048753,5.35238846877785,"1",106,0.40513403593698,"84L"
"85",341.62,4,341.62,14.42,1,27.8946,17.15337,"Bradley","Avery",2.57770283060325,188,23.9655484292953,49.3481983648271,"1",106,0.499487676771497,"85L"
"86",1218.41,3,498.41,20.64,0,62.08389,22.81545,"Mayo","O.J.",5.11819667947608,201,26.7554420863233,7.88602902080324,"1",110,0.310715598813055,"86L"
"87",2431.65,1,271.65,19.34,0,63.17009,13.56592,"Bledsoe","Eric",3.4214639693558,185,28.0191002898826,19.8353819952694,"1",107,0.404883818606849,"87L"
"88",2284.74,1,124.74,18,0,67.79623,11.3867,"Bledsoe","Eric",5.38544768171597,185,24.9876452292508,140.690399460545,"1",107,0.452995963302512,"88L"
"89",1629.72,2,189.72,12.92,1,70.40453,7.78586,"Leuer","Jon",5.21253659188116,208,25.1571637006341,13.57762152656,"1",106,0.415035444940044,"89L"
"90",1505.73,2,65.73,12,0,65.28461,9.4246,"Chandler","Tyson",6.16684145277791,216,28.1641192479385,17.7461425990932,"1",107,0.481017904101669,"90L"
"91",2455.4,1,295.4,13.28,1,18.51822,45.27423,"Henson","John",8.08325269232628,211,24.2299414787015,18.4980670102553,"1",105,0.595156339460979,"91L"
"92",1447.76,2,7.76,6.91,0,17.37876,46.48464,"Carter-Williams","Michael",4.1049984151154,198,24.6717768931871,72.4185872325512,"1",107,0.678578872211633,"92L"
"93",2809.57,1,649.57,13.08,1,63.77852,29.2895,"Neto","Raul",4.55005460338665,185,25.3372181511783,74.2778673502207,"1",106,0.535518886931251,"93L"
"94",2595.49,1,435.49,23.36,0,65.80407,11.77433,"Neto","Raul",8.14753207103231,185,26.484600252105,26.0582607141225,"1",106,0.399610125958635,"94L"
"95",2457.47,1,297.47,7.8,0,89.37211,2.08185,"Booker","Trevor",7.22129363250796,203,22.9265919899709,31.1582592994544,"1",102,0.530314601763425,"95L"
"96",976.79,3,256.79,12.69,0,29.25684,34.4624,"Favors","Derrick",5.77948082800696,208,25.8043674703644,8.42930814550776,"1",101,0.620534347410709,"96L"
"97",845.76,3,125.76,12.44,0,5.2821,48.05801,"Hood","Rodney",8.03892070918105,203,23.0580323438515,0.862793027791814,"1",107,0.605352941565175,"97L"
"98",355.88,4,355.88,10.23,1,8.60704,47.39295,"Booker","Trevor",5.54816597741091,203,22.6431872152332,3.21529480293694,"1",102,0.652220817672899,"98L"
"99",907.75,3,187.75,15.8,0,62.61973,10.42185,"Dellavedova","Matthew",5.00828369461037,193,29.9217891793823,26.8461789396084,"1",108,0.493838562252923,"99L"
"100",31.37,4,31.37,6.44,0,66.14575,39.38561,"Dellavedova","Matthew",3.15234928605635,193,26.7936166490192,44.1975372077839,"1",108,0.58929396836055,"100L"
"101",2729.81,1,569.81,13.81,0,30.28362,21.52997,"Rondo","Rajon",6.28726147651742,185,25.2729744688927,18.1100139952134,"1",107,0.577975132315704,"101L"
"102",2414.82,1,254.82,15.91,0,30.19842,25.05974,"Collison","Darren",3.57575883261162,183,24.9484915248197,35.466717955956,"1",112,0.435102031706535,"102L"
"103",1637.91,2,197.91,18.41,1,25.24042,39.4137,"Collison","Darren",4.4477879190447,183,24.6449110257351,7.77509302744107,"1",112,0.410995946090195,"103L"
"104",2661.11,1,501.11,18.85,0,21.65618,45.75494,"Walker","Kemba",6.107103877,185,26.45619543,5.676551149,"1",105,0.570864129858177,"104L"
"105",336.73,4,336.73,17.87,0,62.45547,22.68503,"Roberts","Brian",2.23924726160377,185,26.396238255134,93.8845862366524,"1",109,0.397123089864717,"105L"
"106",336.73,4,336.73,17.87,1,62.45547,22.68503,"Roberts","Brian",2.23924726160377,185,26.396238255134,93.8845862366524,"1",109,0.397123089864717,"106L"
"107",2403.2,1,243.2,16.08,1,84.00233,0.8166,"Nance Jr.","Larry",5.817515941,206,24.64502396,2.608645628,"1",109,0.294778448417515,"107L"
"108",1875.2,2,435.2,4.54,1,77.56395,4.84666,"Randle","Julius",7.02920189754854,206,23.0496166510009,3.48509155715354,"1",108,0.507379124494436,"108L"
"109",1450.94,2,10.94,5.9,1,68.82629,38.45299,"Clarkson","Jordan",5.65544602594702,196,24.0403236272767,152.222902403345,"1",114,0.54537070765349,"109L"
"110",2579.06,1,419.06,11.26,0,75.8968,4.40956,"Lillard","Damian",4.06354196712671,190,24.2728442839647,64.3018486787275,"1",110,0.414887070993173,"110L"
"111",1467.43,2,27.43,16.31,0,75.7823,3.35691,"Lillard","Damian",5.60163952317533,190,25.2306279755003,6.75017089721441,"1",110,0.346927187557224,"111L"
"112",1349.92,3,629.92,10.54,0,29.67495,32.9662,"Vonleh","Noah",11.4759134193536,208,25.6912149370655,11.9756023106563,"1",107,0.66787225062527,"112L"
"113",910.85,3,190.85,17.55,1,32.78219,20.60798,"Leonard","Meyers",6.60683017291954,216,27.8803035470653,10.7017743755768,"1",109,0.436959969044037,"113L"
"114",1852.75,2,412.75,8.79,1,26.72453,39.52686,"Collison","Darren",5.78083568997597,183,25.9265327450568,72.9888585733872,"1",112,0.65089348288709,"114L"
"115",1704.2,2,264.2,15.34,0,30.96697,26.74054,"Rondo","Rajon",4.67339175813455,185,25.775803100437,93.8191853263832,"1",107,0.572873850647371,"115L"
"116",1536.73,2,96.73,20.24,1,29.01439,36.17981,"Rondo","Rajon",4.51882160994435,185,26.2627946667562,28.8861159471595,"1",107,0.474011952830808,"116L"
"117",908.18,3,188.18,15.68,0,65.37695,17.21985,"Acy","Quincy",5.25584527288429,201,24.6339237703822,7.64944737549124,"1",108,0.368945797997613,"117L"
"118",266.09,4,266.09,14.28,1,90.5042,2.50299,"Rondo","Rajon",15.8315545520236,185,22.565298060963,38.984129588391,"1",107,0.548625201499059,"118L"
"119",53.6,4,53.6,6.62,1,74.4198,3.29039,"Belinelli","Marco",10.0142014401,196,26.0127237787991,3.05836380537898,"1",113,0.545276576497577,"119L"
"120",2720.3,1,560.3,17.46,1,5.88048,47.30672,"Dragic","Goran",3.98031268476485,190,22.3156282051122,22.5143804775046,"1",107,0.480895398766169,"120L"
"121",1529.16,2,89.16,18.67,1,25.81734,39.11264,"Dragic","Goran",6.32496852906005,190,24.9435779800172,14.207414962846,"1",107,0.495744514258841,"121L"
"122",293.58,4,293.58,8.19,1,73.85196,5.95859,"Johnson","Tyler",7.37188760577642,193,24.1769909341444,9.58335783910681,"1",107,0.536553908120518,"122L"
"123",28.58,4,28.58,10.52,1,70.47242,6.36292,"Johnson","Tyler",5.6637847633186,193,26.1038441916665,86.6510343816067,"1",107,0.548327953851961,"123L"
"124",2746.01,1,586.01,16.99,0,61.98554,17.56979,"Nelson","Jameer",3.76125462064189,183,27.7766869827145,9.83137962386788,"1",112,0.38479312260224,"124L"
"125",1643.49,2,203.49,15.19,0,69.08543,40.21167,"Nelson","Jameer",6.46696025289316,183,24.8614202626037,61.188895177291,"1",112,0.436172837393954,"125L"
"126",906.45,3,186.45,9.02,0,28.48877,16.80943,"Mudiay","Emmanuel",3.27854531599,196,24.6399242701312,119.452001814242,"1",110,0.571565048052548,"126L"
"127",763.27,3,43.27,16.18,0,28.92934,33.30481,"Nurkic","Jusuf",10.4895968691366,213,25.0934455978389,38.7116688968247,"1",102,0.615817035566593,"127L"
"128",317.47,4,317.47,24,1,22.73151,46.13393,"Nelson","Jameer",3.59102356390208,183,27.4271068311078,0.939318988140798,"1",112,0.361372522958708,"128L"
"129",38.83,4,38.83,19.49,1,33.70858,40.69709,"Harris","Gary",5.22478286309584,193,32.5006063033369,14.5011358839583,"1",111,0.523544316666196,"129L"
"130",2717.73,1,557.73,19,0,26.34049,41.19546,"Williams","Lou",5.727753693,185,26.59138381,2.760933777,"1",114,0.422330186116269,"130L"
"131",2523.71,1,363.71,12.92,1,26.41695,9.61081,"Clarkson","Jordan",6.15222089119856,196,26.1699625746503,73.3130441713992,"1",114,0.50304928912616,"131L"
"132",2457.38,1,297.38,19.55,1,25.84363,41.66779,"Russell","D'Angelo",6.16461270583156,188,26.4936373505225,59.6299924522374,"1",112,0.46719564113897,"132L"
"133",1696.89,2,256.89,18.18,1,22.76404,45.1419,"Hibbert","Roy",9.81306295156614,218,26.6915292317919,1.0709930821168,"1",110,0.478122350298134,"133L"
"134",1511.36,2,71.36,17.19,1,29.95176,27.25851,"Clarkson","Jordan",5.53053540890934,196,24.8047941841431,80.1913197457007,"1",114,0.402992087813533,"134L"
"135",1469.96,2,29.96,20.09,0,13.27119,47.89687,"Bryant","Kobe",5.92125797006852,198,24.2612065819695,19.7378522509684,"1",113,0.382350544694054,"135L"
"136",1464.55,2,24.55,22.54,0,5.547,47.79187,"Clarkson","Jordan",7.71455646287588,196,22.7938050157691,10.9877048031943,"1",114,0.350708795126688,"136L"
"137",1221.45,3,501.45,15,1,75.61236,45.95226,"Clarkson","Jordan",4.62368622293945,196,24.7304424521115,65.2809189454435,"1",114,0.335110353632614,"137L"
"138",984.36,3,264.36,8.06,1,84.66865,2.90209,"Hibbert","Roy",7.43924569894691,218,22.4716497879128,11.3111328526713,"1",110,0.367383808134222,"138L"
"139",2241.7,1,81.7,18.1,1,60.57047,21.40903,"Dellavedova","Matthew",2.97073608476081,193,28.4074105923402,81.2028116550949,"1",108,0.430061475194676,"139L"
"140",1356.8,3,636.8,17.74,1,26.27115,11.97888,"Irving","Kyrie",3.79490270885829,190,24.7272787297127,62.2323962269454,"1",106,0.477253909184154,"140L"
"141",1144.4,3,424.4,20.21,0,31.07681,25.89176,"James","LeBron",10.680664720784,203,25.8422009641923,46.9834627474856,"1",103,0.573682368663081,"141L"
"142",2812.18,1,652.18,12.69,0,29.03212,35.26776,"Rose","Derrick",3.49729096910738,190,25.9039789822336,122.82909840424,"1",110,0.569355400018635,"142L"
"143",2684.23,1,524.23,11.53,1,28.65147,17.43055,"Gasol","Pau",5.04019318901568,213,24.5952306649765,146.2872937947,"1",101,0.643902838586558,"143L"
"144",2207.88,1,47.88,13.59,0,24.25897,41.94168,"Mirotic","Nikola",5.22299112602156,208,25.4629429108911,23.1978678069823,"1",104,0.572778257530404,"144L"
"145",1118.41,3,398.41,12.29,0,64.19561,14.21392,"Gibson","Taj",4.41292794848273,206,26.8189781691715,35.8369384523096,"1",106,0.478974367855115,"145L"
"146",962.16,3,242.16,13.03,0,61.98216,26.76648,"Brooks","Aaron",5.33954438398071,183,26.8260640023094,64.0090617294723,"1",109,0.539104691250366,"146L"
"147",2639.76,1,479.76,15.17,0,26.16547,11.23021,"Rose","Derrick",3.84215110344453,190,25.0412460146255,142.351679955832,"0",110,0.512187733273736,"1R"
"148",898.6,3,178.6,8.39,1,70.84968,44.2248,"McDermott","Doug",4.136491612768,203,26.2681250024131,40.7594212991119,"0",112,0.468940493269392,"2R"
"149",331.13,4,331.13,21.1,0,29.91402,20.80978,"Butler","Jimmy",8.11311717285656,201,25.0174304477658,118.268907379234,"0",106,0.494969351422984,"3R"
"150",1573.49,2,133.49,9.86,0,15.03069,3.16369,"Smith","Ish",7.19020968626785,183,23.9266865924265,33.6251759337358,"0",110,0.625571293784345,"4R"
"151",356.62,4,356.62,13.3,1,63.32056,28.77549,"Butler","Jimmy",4.97398234506316,201,25.7081843671174,26.5622140562328,"0",106,0.474829964691788,"5R"
"152",2725.85,1,565.85,21.97,0,53.85225,26.18814,"Gay","Rudy",16.4309836362647,203,34.9179700401112,168.101984125967,"0",108,0.736806720916497,"6R"
"153",1691.12,2,251.12,18.05,0,18.25392,4.59077,"Johnson","Stanley",7.636453575,201,24.19997117,58.31192384,"0",106,0.506766434979273,"7R"
"154",1066.11,3,346.11,11.65,0,65.96197,36.33521,"Dragic","Goran",9.97610561333931,190,25.451548028067,4.33005165690308,"0",107,0.595005734359227,"8R"
"155",1086.8,3,366.8,11.02,0,81.94656,48.17725,"Mudiay","Emmanuel",5.34732370930543,196,24.1551591465695,2.48694399105154,"0",110,0.413933794816411,"9R"
"156",2181.11,1,21.11,19.45,1,27.02409,7.39017,"Johnson","James",6.67704831907782,206,28.0038766594377,1.73093254059826,"0",106,0.476793818403113,"10R"
"157",2210.86,1,50.86,21.03,0,63.23153,38.37853,"Arthur","Darrell",5.26619607004904,206,28.812798824512,3.18777097278586,"0",108,0.360757725518053,"11R"
"158",31.49,4,31.49,7.99,1,60.82125,26.60509,"Jones","Tyus",6.46039942653703,188,27.9748349498366,0.738785640495511,"0",111,0.595396898611127,"12R"
"159",52.93,4,52.93,13.23,1,20.15231,41.63998,"Favors","Derrick",11.4655240600506,208,22.3375866587351,54.7288255523698,"0",101,0.688631024215804,"13R"
"160",1315.77,3,595.77,19.19,0,31.50099,31.78934,"Holiday","Jrue",5.5897014684686,193,27.114749005213,57.9244098320236,"0",109,0.48051782234405,"14R"
"161",2498.37,1,338.37,17.14,0,29.38437,17.35075,"Clarkson","Jordan",4.91529402099203,196,25.3175599309926,114.584646023766,"0",114,0.4124716714133,"15R"
"162",382.83,4,382.83,19.82,1,27.89759,11.83774,"Burks","Alec",5.13779047203173,198,26.1946258059874,12.7394633874091,"0",107,0.426396766354972,"16R"
"163",1611.83,2,171.83,13.05,0,20.70872,2.9435,"Allen","Tony",8.92567866067897,193,26.93438724546,17.4538211602036,"0",105,0.672595704697709,"17R"
"164",2692.46,1,532.46,14.41,0,74.56577,44.49692,"Harris","Gary",4.47120766120296,193,24.1106256695943,44.6427473098265,"0",111,0.369818786236198,"18R"
"165",146.85,4,146.85,17.45,0,31.11971,28.21352,"Gobert","Rudy",7.05533025178836,216,26.0685367114171,17.3902308940499,"0",99,0.566229480061233,"19R"
"166",1838.74,2,398.74,18.51,0,76.3945,46.67045,"Huertas","Marcelo",4.78800109774423,190,24.9452757742323,76.3999896012126,"0",114,0.307313893646466,"20R"
"167",1631.12,2,191.12,18.32,1,66.70647,14.97452,"Jack","Jarrett",3.00142540763552,190,24.2162644536952,91.995384146467,"0",112,0.297845322435727,"21R"
"168",1112.4,3,392.4,21.09,0,28.73751,12.92974,"Harris","Gary",1.32914198387531,193,26.4074667938388,139.163933755586,"0",111,0.364264718022356,"22R"
"169",400.9,4,400.9,7.1,0,64.52645,30.99416,"Antetokounmpo","Giannis",4.76561583495775,211,24.9541645564042,33.2362703468996,"0",106,0.537522822046059,"23R"
"170",1695.88,2,255.88,20.18,1,66.91787,44.11174,"Bradley","Avery",5.72454578364083,188,29.0155218144444,6.77618352342406,"0",106,0.464780896010645,"24R"
"171",876.53,3,156.53,12.63,1,26.99368,38.09364,"Ingles","Joe",4.63732817972807,203,25.3817065697325,31.1631845900574,"0",105,0.573191489220306,"25R"
"172",1042.68,3,322.68,6.85,0,69.20041,41.17906,"Anderson","Ryan",6.23193893424831,208,25.3761394158312,32.9168236219255,"0",112,0.498331970055311,"26R"
"173",320.41,4,320.41,15.05,1,62.3411,25.53037,"Joseph","Cory",6.63112759528876,190,26.4142251740781,24.5989851752631,"0",108,0.490491151621096,"27R"
"174",1076.6,3,356.6,11.89,0,68.138,11.69395,"Bryant","Kobe",4.61309721694654,198,24.533762667037,43.5628174534812,"0",113,0.367592888389135,"28R"
"175",2659,1,499,13.27,0,29.8639,12.53359,"Gay","Rudy",5.13839403188389,203,27.5908581145658,28.1304883045956,"0",108,0.541530239320031,"29R"
"176",2475.46,1,315.46,15.72,0,11.49765,1.96128,"Harris","Gary",6.88519414663813,193,23.8708137641116,13.0011377375571,"0",111,0.471667583939892,"30R"
"177",743.03,3,23.03,10,0,67.01255,35.06687,"Rondo","Rajon",7.53245495307473,185,23.9553460442424,36.7321497578042,"0",107,0.580317495834419,"31R"
"178",801.48,3,81.48,10.68,0,65.28121,42.10964,"Smith","Russ",5.36666089930228,183,29.0434826595176,0.486095560803265,"0",104,0.661222691175288,"32R"
"179",1672.95,2,232.95,20.67,0,73.33849,44.66988,"Miles","CJ",9.603301592,198,24.98837369,12.26721458,"0",104,0.43606921070377,"33R"
"180",1053.64,3,333.64,22.33,1,11.78582,2.12142,"Warren","TJ",7.828763896,203,23.79383042,9.542054281,"0",110,0.357179887399513,"34R"
"181",188.62,4,188.62,4.74,0,69.37026,43.0982,"Walker","Kemba",3.209693905,185,26.51639428,35.02089762,"0",105,0.666903459607879,"35R"
"182",2666.76,1,506.76,13.89,1,65.27598,34.23335,"Harris","Gary",5.51981647902356,193,25.2246777419039,0.493325072904702,"0",111,0.406810737069715,"36R"
"183",2835.28,1,675.28,12.6,1,73.80191,46.23515,"Neto","Raul",8.54867391653817,185,25.9687695159128,97.1571839660862,"0",106,0.627513201332415,"37R"
"184",1153.24,3,433.24,2.14,1,83.14434,47.55047,"Clarkson","Jordan",7.39090681710979,196,23.2367622799843,24.148322681363,"0",114,0.538395473711775,"38R"
"185",126.73,4,126.73,11.75,0,28.87561,17.9739,"Griffin","Blake",4.93400411789451,208,24.6482358208879,20.4941946454652,"0",103,0.56681263376554,"39R"
"186",2222.06,1,62.06,16,0,25.48145,11.1337,"Green","JaMychal",3.94562982521169,206,24.527246987636,19.6980737836503,"0",107,0.424565287905654,"40R"
"187",2320.66,1,160.66,10.53,1,24.32589,8.75425,"DeRozan","DeMar",8.18032220407607,201,25.0562162417752,34.8316499545094,"0",108,0.612220420997534,"41R"
"188",1071.86,3,351.86,21.36,0,65.46414,33.90217,"Monroe","Greg",5.89487323688135,211,24.9294987243727,121.654602106227,"0",106,0.356527527039685,"42R"
"189",1350.92,3,630.92,16.48,0,26.17496,37.67961,"Jack","Jarrett",3.74783980233948,190,24.4668441110352,103.729371326681,"0",112,0.451466433193633,"43R"
"190",1857.39,2,417.39,19.33,0,31.86513,17.24674,"Roberts","Brian",4.8566724233162,185,27.7214390958424,9.8445562084756,"0",109,0.463638096114571,"44R"
"191",1560.06,2,120.06,18.67,0,29.31578,12.25457,"Koufos","Kosta",12.6742866301816,213,27.2324760698197,4.94750112113884,"0",107,0.547711156179701,"45R"
"192",2351.02,1,191.02,15.52,1,67.41618,39.82022,"George","Paul",7.22294200262608,206,25.976350718313,18.3102276909338,"0",101,0.532568793093324,"46R"
"193",2174.13,1,14.13,8.08,1,26.10439,9.63809,"Muhammad","Shabazz",8.94631702657579,198,25.9016188899497,0.661262613332669,"0",114,0.589702959809151,"47R"
"194",2044.09,2,604.09,15.74,0,69.22591,40.26181,"Smith","Josh",5.303292833,206,24.78130212,7.823828886,"0",103,0.435132070153378,"48R"
"195",1447.94,2,7.94,4.44,0,70.70768,42.37348,"Miles","CJ",4.185299556,198,25.04721778,27.38411083,"0",104,0.632553780851809,"49R"
"196",222.43,4,222.43,15.33,0,64.03284,22.4106,"Mayo","O.J.",1.6931503489649,201,24.8524242444394,155.568839046759,"0",110,0.368924808265899,"50R"
"197",2559.59,1,399.59,18.4,0,3.64659,2.17165,"Hairston","PJ",4.87161136,196,22.88459061,4.839738887,"0",111,0.377357293034177,"51R"
"198",337.6,4,337.6,17.58,0,19.61437,4.93524,"Gasol","Pau",4.28591287686766,213,24.6765013596843,24.1747811709735,"0",101,0.479021740081555,"52R"
"199",752.68,3,32.68,19.28,0,25.48104,3.11082,"Hill","Jordan",7.64867511048155,208,29.8065627094773,4.4841510795641,"0",102,0.58218945442446,"53R"
"200",2169.49,1,9.49,2.45,1,21.5971,5.7177,"Harris","Gary",6.11802506197057,193,25.2791370837693,42.3226429235455,"0",111,0.700201567796261,"54R"
"201",1543.83,2,103.83,17.2,1,67.49728,38.88192,"Leuer","Jon",6.3623104770044,208,25.3847554702581,4.66252370720566,"0",106,0.393896063074341,"55R"
"202",44.51,4,44.51,9.71,0,70.29658,41.08904,"Walker","Kemba",4.876366741,185,24.48235932,29.50510817,"0",105,0.570691590427764,"56R"
"203",2404.94,1,244.94,19.79,1,63.82124,37.70281,"Douglas","Toney",4.4837005922898,188,27.9786428733364,22.4301407388283,"0",109,0.398232633361206,"57R"
"204",317.01,4,317.01,12.4,0,74.27411,44.30986,"Rose","Derrick",3.13753284403525,190,24.1334225610811,90.6261867950446,"0",110,0.425818041333379,"58R"
"205",2667.64,1,507.64,14.09,0,75.72626,46.15132,"Harris","Gary",3.18350194361492,193,24.8394070245246,64.8916363510526,"0",111,0.374900895550542,"59R"
"206",2782.66,1,622.66,16.03,0,15.88819,2.78631,"Randle","Julius",4.39909446718299,206,24.6296388502187,28.2483356393167,"0",108,0.438373651531574,"60R"
"207",770.96,3,50.96,12.05,0,90.25338,47.42762,"Johnson","Tyler",4.7793540636471,193,22.4779512030968,47.3212252522568,"0",107,0.408790813211226,"61R"
"208",2627.94,1,467.94,22.38,0,64.24119,40.88638,"Thomas","Isaiah",5.427081815,175,29.20717099,2.664776734,"0",107,0.451027688665023,"62R"
"209",1468.54,2,28.54,20.13,0,32.19828,9.71284,"Middleton","Khris",4.43002198188677,203,30.9823668531634,5.05191958391354,"0",110,0.426566459356979,"63R"
"210",2405.72,1,245.72,14,0,10.74801,2.75576,"Williams","Lou",6.68645305,185,22.91362754,25.3600835,"0",114,0.470329377106489,"64R"
"211",1186.33,3,466.33,20.52,0,32.26071,34.1537,"Jack","Jarrett",5.70840152632066,190,28.5196191838899,22.522812657706,"0",112,0.435637850447747,"65R"
"212",300.14,4,300.14,14.2,0,71.29865,43.42469,"Towns","Karl-Anthony",5.83060250608803,213,25.3775258529787,21.0526047193251,"0",106,0.424166089286175,"66R"
"213",2194.93,1,34.93,17.84,0,68.11436,10.55041,"Ellis","Monta",1.87270811727296,190,25.1916710318649,179.581320257998,"0",103,0.456577089058365,"67R"
"214",2323.43,1,163.43,11.92,0,64.77732,22.13169,"Joseph","Cory",5.28024616399653,190,24.1436656007016,14.7019095784605,"0",108,0.464914254726632,"68R"
"215",1518.95,2,78.95,8.25,0,10.92927,2.53141,"Anderson","Ryan",5.38333268944062,208,23.175237740334,0.269754667339216,"0",112,0.498405766876914,"69R"
"216",2692.87,1,532.87,12.74,1,64.0512,26.43283,"DeRozan","DeMar",7.39816402449284,201,24.7403258517122,61.7342852851171,"0",108,0.495129729825935,"70R"
"217",2562.41,1,402.41,17.27,1,64.59904,29.78779,"Lowry","Kyle",5.0351503162865,183,24.6209626539195,56.2531797615036,"0",104,0.481181215835588,"71R"
"218",1571.05,2,131.05,15.4,1,29.55383,15.55867,"Griffin","Blake",5.90264667993943,208,26.0732595744721,32.7232385727878,"0",103,0.550063890678836,"72R"
"219",735.31,3,15.31,8.91,0,25.87308,10.29554,"Dellavedova","Matthew",3.1241115167356,193,25.3284932946672,60.9618522442442,"0",108,0.59165947802487,"73R"
"220",2288.98,1,128.98,16.3,0,63.03265,34.73915,"Smith","Ish",3.81957343965266,183,27.4996933391084,13.810230772938,"0",110,0.433239202493195,"74R"
"221",1805.51,2,365.51,10.24,0,15.35994,3.29338,"Robinson","Nate",2.40844861321557,175,23.9455264846693,81.2225638152172,"0",113,0.5417679579804,"75R"
"222",1463.16,2,23.16,21.74,1,33.33672,30.12739,"McLemore","Ben",7.05775400344897,196,28.5509013617872,39.2399191100823,"0",111,0.437489790378794,"76R"
"223",794.56,3,74.56,20.86,0,23.59028,7.89035,"Hollis-Jefferson","Rondae",9.36827093840694,201,25.0819854397713,88.0166618158268,"0",105,0.524982647729466,"77R"
"224",1038.97,3,318.97,17.73,1,76.79474,46.57014,"Walker","Kemba",4.522979871,185,24.66169462,51.4761882,"0",105,0.429552957557352,"78R"
"225",1082.87,3,362.87,22.11,0,89.66917,47.4124,"Mudiay","Emmanuel",5.52487078107714,196,22.4312404304555,33.7036125693034,"0",110,0.222534339775104,"79R"
"226",1317.2,3,597.2,20.92,0,34.01714,29.91869,"Knight","Brandon",5.10430911127059,178,29.1846167543057,55.8162815905414,"0",111,0.489623145164777,"80R"
"227",2836.52,1,676.52,6.16,0,28.25894,15.13782,"Rondo","Rajon",4.49095937569023,185,25.0334558995757,37.9724625060571,"0",107,0.676996220168477,"81R"
"228",1525.79,2,85.79,11.31,1,66.63449,40.2901,"Arthur","Darrell",4.86419436309858,206,26.8864824878618,11.0435102942567,"0",108,0.481214607643787,"82R"
"229",972.07,3,252.07,16.31,0,84.74733,47.48384,"Gay","Rudy",5.93733728724417,203,22.8373472249843,6.00884476329028,"0",108,0.316995888519433,"83R"
"230",951.71,3,231.71,16,0,68.2853,39.9306,"Russell","D'Angelo",5.14897302789595,188,25.3323264318538,62.7516383029239,"0",112,0.395941809191904,"84R"
"231",1570.34,2,130.34,19.25,0,28.08136,16.8973,"Lowry","Kyle",5.11222021721482,183,24.2265298121625,6.95581952021585,"0",104,0.486545370389026,"85R"
"232",752.94,3,32.94,21.51,0,60.94383,37.45107,"Brown","Anthony",5.18646173526809,206,30.4665756890038,6.54389371067059,"0",114,0.309887919540515,"86R"
"233",2611,1,451,18.48,0,70.57632,42.00447,"Neto","Raul",3.71908950416631,185,24.8884439996417,29.0998783469255,"0",106,0.392416770331996,"87R"
"234",1724.25,2,284.25,18.59,0,30.977,13.12983,"Curry","Seth",5.27320554749196,188,28.3333631048081,5.96098823345045,"0",112,0.440999675927473,"88R"
"235",1594.01,2,154.01,18.25,0,64.68526,34.11008,"Hinrich","Kirk",4.10938973154165,193,25.7314062747064,132.000514602132,"0",109,0.41019367323097,"89R"
"236",865.81,3,145.81,14.65,1,22.5645,7.21863,"Lillard","Damian",3.97974594346172,190,24.8187233621494,24.4457265362266,"0",110,0.465266067627898,"90R"
"237",1588.99,2,148.99,4.19,0,66.43794,40.2541,"Gallinari","Danilo",6.19900796928025,208,27.0280518767742,4.60979007278571,"0",111,0.580277394817544,"91R"
"238",188.62,4,188.62,4.74,0,69.37026,43.0982,"Walker","Kemba",3.209693905,185,26.51639428,35.02089762,"0",105,0.666903459607879,"92R"
"239",2386.17,1,226.17,18.67,0,32.02087,28.31392,"Gay","Rudy",8.72165456239239,203,26.9752024334072,51.925791240715,"0",108,0.519579203128363,"93R"
"240",2219.77,1,59.77,19.09,1,78.7195,47.34207,"Shumpert","Iman",6.10803899858211,196,24.4903863206545,1.0534857585953,"0",103,0.397914067275778,"94R"
"241",2399.56,1,239.56,16.13,1,23.78807,8.85783,"Davis","Anthony",7.180691734,208,24.58108402,12.20207025,"0",104,0.514757927631133,"95R"
"242",1475.87,2,35.87,11.26,0,17.56514,2.97463,"Rondo","Rajon",4.35421993794526,185,25.2344922052436,28.1127626140341,"0",107,0.604377594453292,"96R"
"243",763.09,3,43.09,12.35,1,29.57635,13.31979,"Dellavedova","Matthew",6.42952977697436,193,26.9851553630251,18.1066939502776,"0",108,0.594481892385829,"97R"
"244",153.74,4,153.74,11.19,0,28.74851,20.56274,"Crowder","Jae",3.93966487555731,198,23.9137878331246,120.625143963712,"0",102,0.638472195782171,"98R"
"245",287.08,4,287.08,12.42,1,69.81808,44.29067,"Carter-Williams","Michael",4.86267917372717,198,27.0286430280046,29.2462755536287,"0",107,0.50804738504881,"99R"
"246",2625.41,1,465.41,16.07,1,65.15467,45.19771,"Davis","Anthony",7.193275435,208,31.05941221,7.369522321,"0",104,0.574088036785494,"100R"
"247",44.51,4,44.51,9.71,0,70.29658,41.08904,"Walker","Kemba",4.876366741,185,24.48235932,29.50510817,"0",105,0.570691590427764,"101R"
"248",2722.64,1,562.64,24,0,27.40792,11.59147,"Rondo","Rajon",6.55848956240688,185,25.8990751859463,31.8329738769808,"0",107,0.42267289175092,"102R"
"249",2523.5,1,363.5,21.32,0,68.61509,39.19355,"Scola","Luis",8.99350782314665,206,24.6347612594602,77.2335381557354,"0",105,0.40806297847777,"103R"
"250",392.61,4,392.61,9.06,0,18.1929,2.87415,"Ellington","Wayne",6.13272426597675,193,25.6334137139886,4.00907999949232,"0",113,0.560945902407396,"104R"
"251",2207.78,1,47.78,16.68,1,15.60237,3.09514,"Bass","Brandon",5.19873977330083,203,24.2279684710976,12.1992238061586,"0",111,0.394458384346698,"105R"
"252",1163.76,3,443.76,20.44,0,64.60093,36.89642,"Rondo","Rajon",1.74354097540035,185,26.9202970021005,123.479522863701,"0",107,0.403222785316703,"106R"
"253",1053.9,3,333.9,18.53,0,83.11732,47.85145,"Anderson","James",7.1338855067067,198,23.5354169515838,0.858109921618095,"0",111,0.291434884985721,"107R"
"254",2510.34,1,350.34,14.72,0,76.41435,47.2625,"Mirotic","Nikola",8.70101928306104,208,25.4516633478541,19.874337634544,"0",104,0.501485572286813,"108R"
"255",1510.98,2,70.98,15.58,1,30.92191,11.0003,"Gay","Rudy",5.74138923858155,203,29.2410424427396,14.4411407011641,"0",108,0.532726649272888,"109R"
"256",998.62,3,278.62,17.94,0,25.36788,11.06027,"Aminu","Al-Farouq",4.48466261264992,206,24.4753992442881,22.2542718250081,"0",107,0.401440255741822,"110R"
"257",1308.33,3,588.33,17.44,0,23.18074,7.71552,"Clarkson","Jordan",3.10464550404712,196,24.9051136479639,84.8936943256328,"0",114,0.360947054091122,"111R"
"258",926.14,3,206.14,4.57,0,3.75997,2.20173,"Larkin","Shane",3.92665190797453,180,22.8469101717016,8.72650996446426,"0",110,0.657670715730449,"112R"
"259",1038.97,3,318.97,17.73,0,76.79474,46.57014,"Walker","Kemba",4.522979871,185,24.66169462,51.4761882,"0",105,0.429552957557352,"113R"
"260",189.98,4,189.98,10.34,0,25.10167,7.43418,"Hill","Solomon",4.55137240419854,201,26.50748637765,32.5347468456205,"0",103,0.642963733386709,"114R"
"261",2528.3,1,368.3,17.11,0,64.29587,36.19798,"Lowry","Kyle",6.12077925386139,183,26.8960820592387,77.3648091801437,"0",104,0.562754014170597,"115R"
"262",2599.44,1,439.44,14.78,0,27.45586,10.32304,"Mayo","O.J.",3.12057712627007,201,26.6179145160022,58.7214552672264,"0",110,0.457558415748171,"116R"
"263",2822.86,1,662.86,16,1,85.15073,47.05492,"Lillard","Damian",6.63471107564602,190,22.3466829918738,56.2744139446128,"0",110,0.355667718145357,"117R"
"264",2675.86,1,515.86,14,1,4.70164,2.45913,"Rondo","Rajon",4.19735108736451,185,22.5475390906968,27.3092733374644,"0",107,0.532088128577151,"118R"
"265",2829.93,1,669.93,18.31,0,34.6043,29.07367,"Monroe","Greg",6.82704902900953,211,29.6356156635711,27.1185094925681,"0",106,0.529209016141582,"119R"
"266",1350.96,3,630.96,15.64,0,30.30558,31.42737,"Harris","Gary",4.77498750110406,193,25.8668354124214,63.0805034280606,"0",111,0.481130437297206,"120R"
"267",1674.04,2,234.04,13.04,0,25.1736,10.64259,"Lee","Courtney",5.13211110886154,196,24.5577901869875,8.47150031385971,"0",109,0.494013225929229,"121R"
"268",55.33,4,55.33,4.42,0,75.71388,47.75813,"Mayo","O.J.",2.5762684073093,201,26.2273312739078,10.2900948682457,"0",110,0.520911088762079,"122R"
"269",908.38,3,188.38,8.66,1,62.44089,34.12774,"Miller","Andre",4.46678101066081,206,27.8475296301072,8.33625329871752,"0",108,0.541470517983356,"123R"
"270",104.58,4,104.58,18.19,1,19.684,4.145,"Gallinari","Danilo",4.86651044738425,208,25.3627952126732,30.105993961635,"0",111,0.370711628480652,"124R"
"271",748.44,3,28.44,22.09,0,28.98034,12.68516,"Jack","Jarrett",9.47257236142855,190,26.7354506365836,15.0676777806431,"0",112,0.427052606565823,"125R"
"272",2842.59,1,682.59,12.81,1,14.56355,2.3555,"Carter-Williams","Michael",5.34090261204977,198,24.4850075322124,68.0528512723703,"0",107,0.568701545681887,"126R"
"273",2725.42,1,565.42,7,1,66.16907,34.79042,"Bradley","Avery",5.71151393984116,188,24.6120036454024,2.05098611552709,"0",106,0.60149929590134,"127R"
"274",1488.53,2,48.53,18.76,0,63.41634,15.45071,"Nelson","Jameer",4.15099691588659,183,27.0736637435664,24.1340811678765,"0",112,0.35206069730992,"128R"
"275",2499.89,1,339.89,11.09,1,7.67656,2.73384,"Nelson","Jameer",3.82953090031925,183,22.3979926461993,51.1453717586007,"0",112,0.514572759987768,"129R"
"276",1562.38,2,122.38,18.92,0,74.90816,47.83135,"Bradley","Avery",5.06928621769377,188,26.6995707345287,2.94503478252263,"0",106,0.415322250607866,"130R"
"277",1245.43,3,525.43,20.72,1,65.52706,35.36251,"Drummond","Andre",6.05769606660817,211,25.4300325549084,127.723900081157,"0",98,0.493062328609316,"131R"
"278",1625.38,2,185.38,18.23,1,73.33147,44.34998,"Hill","George",8.36385980201127,190,24.7417217137632,35.2390568125266,"0",106,0.458860529796788,"132R"
"279",2570.8,1,410.8,19,1,28.15562,14.42516,"Smith","Ish",5.36546656857537,183,25.2288459627071,98.8682225250983,"0",110,0.473479925285389,"133R"
"280",2196.4,1,36.4,16.9,1,67.21681,38.06487,"Price","Ronnie",5.82794532065118,188,25.1866849683121,9.03447032527201,"0",108,0.419127611957845,"134R"
"281",2275.63,1,115.63,23.89,1,61.43067,30.30307,"Booker","Devin",12.1070965179807,198,27.8292713356602,2.06052560434971,"0",112,0.376927790498783,"135R"
"282",2647.62,1,487.62,11.74,0,89.78186,46.46691,"Lillard","Damian",4.21678053042839,190,21.4916951403955,9.40801776654897,"0",110,0.338419672859627,"136R"
"283",2195.27,1,35.27,18,0,63.13899,37.67031,"Bargnani","Andrea",5.07572514264711,213,28.5737744919393,71.3957943737609,"0",115,0.323735758531188,"137R"
"284",1769.61,2,329.61,19.95,0,11.43595,1.98888,"Anderson","James",4.4151171569733,198,23.8280847123074,59.141958903121,"0",111,0.364523569563045,"138R"
"285",1053.47,3,333.47,17.89,1,79.87142,47.39061,"Barnes","Matt",9.245249547,201,24.08668925,58.07730677,"0",107,0.420726935771142,"139R"
"286",2507.2,1,347.2,13.48,1,79.23364,46.94424,"Williams","Marvin",6.73732621479026,185,23.9188372800017,28.8747480513284,"0",108,0.469956346936564,"140R"
"287",429.16,4,429.16,16.95,1,20.97612,5.23754,"Lowry","Kyle",2.59599723824968,183,25.2560027618386,108.701249462001,"0",104,0.558249022635182,"141R"
"288",308.17,4,308.17,10.66,1,70.11318,42.08529,"Rondo","Rajon",6.32206618757666,185,25.2831602869677,1.35008522957819,"0",107,0.554184802895837,"142R"
"289",733.02,3,13.02,6.8,0,31.40253,19.3832,"Douglas","Toney",1.30204777992207,188,26.7488928301883,86.6673232121609,"0",109,0.630159479299029,"143R"
"290",2296.29,1,136.29,8.38,0,4.55044,3.26392,"Miller","Andre",6.21864093001839,206,21.7473345024166,2.16982484439444,"0",108,0.561908651928769,"144R"
"291",1857.39,2,417.39,19.33,1,31.86513,17.24674,"Roberts","Brian",4.8566724233162,185,27.7214390958424,9.8445562084756,"0",109,0.463638096114571,"145R"
"292",155.84,4,155.84,16.73,1,31.21066,25.19218,"Joseph","Cory",2.58818418023138,190,25.9613713194816,170.52872623314,"0",108,0.522817651365911,"146R"
